month,description,monthly_units_sold
2010-01,"NAMASTE SWAGAT INCENSE",1800
2010-01,"JUMBO BAG RED RETROSPOT",1662
2010-01,"RED WOOLLY HOTTIE WHITE HEART.",1647
2010-01,"STRAWBERRY CERAMIC TRINKET BOX",1620
2010-01,"BLACK RECORD COVER FRAME",1620
2010-01,"RED TOADSTOOL LED NIGHT LIGHT",1431
2010-01,"FAIRY TALE COTTAGE NIGHTLIGHT",1386
2010-01,"WHITE HANGING HEART T-LIGHT HOLDER",1323
2010-01,"LADS ONLY TISSUE BOX",1008
2010-01,"DISCO BALL CHRISTMAS DECORATION",1008
2010-01,"HAND WARMER SCOTTY DOG DESIGN",855
2010-01,"CHILLI LIGHTS",816
2010-01,"PINK HEART SHAPE EGG FRYING PAN",720
2010-01,"HAND WARMER OWL DESIGN",711
2010-01,"SMALL POPCORN HOLDER",705
2010-01,"HAND WARMER BIRD DESIGN",669
2010-01,"PACK OF 72 RETROSPOT CAKE CASES",663
2010-01,"RECORD FRAME 7" SINGLE SIZE "",660
2010-01,"PAPER CHAIN KIT 50'S CHRISTMAS ",657
2010-01,"ASSORTED COLOUR BIRD ORNAMENT",648
2010-01,"HAND WARMER RED RETROSPOT",606
2010-01,"RED RETROSPOT OVEN GLOVE ",600
2010-01,"LIGHT GARLAND BUTTERFILES PINK",600
2010-01,"WOODEN OWLS LIGHT GARLAND ",600
2010-01,"CERAMIC STRAWBERRY CAKE MONEY BANK",552
2010-01,"HOMEMADE JAM SCENTED CANDLES",540
2010-01,"AGED GLASS SILVER T-LIGHT HOLDER",540
2010-01,"HAND WARMER UNION JACK",534
2010-01,"SET OF 3 COLOURED  FLYING DUCKS",522
2010-01,"CHRISTMAS GINGHAM HEART",522
2010-01,"CHRISTMAS GINGHAM STAR",516
2010-01,"POLKADOT RAIN HAT ",504
2010-01,"RETROSPOT CHILDRENS APRON",456
2010-01,"HANGING HEART ZINC T-LIGHT HOLDER",438
2010-01,"10 COLOUR SPACEBOY PEN",432
2010-01,"PINK BLUE FELT CRAFT TRINKET BOX",432
2010-01,"LUNCH BAG  BLACK SKULL.",429
2010-01,"JAM MAKING SET PRINTED",423
2010-01,"JUMBO  BAG BAROQUE BLACK WHITE",423
2010-01,"PAPER CHAIN KIT VINTAGE CHRISTMAS",408
2010-01,"SET/20 RED RETROSPOT PAPER NAPKINS ",396
2010-01,"SET/5 RED RETROSPOT LID GLASS BOWLS",396
2010-01,"CREAM SLICE FLANNEL PINK SPOT ",378
2010-01,"GROW YOUR OWN PLANT IN A CAN ",360
2010-01,"MINI PAINT SET VINTAGE ",324
2010-01,"SET/6 RED SPOTTY PAPER PLATES",324
2010-01,"PACK OF 60 PINK PAISLEY CAKE CASES",300
2010-01,"ROCKING HORSE RED CHRISTMAS ",300
2010-01,"LARGE POPCORN HOLDER ",297
2010-01,"HEART FILIGREE DOVE  SMALL",291
2010-01,"RED  HARMONICA IN BOX ",288
2010-01,"RED CHARLIE+LOLA PERSONAL DOORSIGN",288
2010-01,"HEART OF WICKER SMALL",276
2010-01,"HOT WATER BOTTLE TEA AND SYMPATHY",261
2010-01,"PACK OF 12 RED RETROSPOT TISSUES ",255
2010-01,"T-LIGHT GLASS FLUTED ANTIQUE",252
2010-01,"RED HANGING HEART T-LIGHT HOLDER",246
2010-01,"SMALL HANGING IVORY/RED WOOD BIRD",246
2010-01,"HOT WATER BOTTLE BABUSHKA ",243
2010-01,"JUMBO SHOPPER VINTAGE RED PAISLEY",234
2010-01,"CREAM HEART CARD HOLDER",228
2010-01,"60 TEATIME FAIRY CAKE CASES",225
2010-01,"JAM JAR WITH GREEN LID",222
2010-01,"CLOTHES PEGS RETROSPOT PACK 24 ",222
2010-01,"JAM JAR WITH PINK LID",216
2010-01,"ANTIQUE SILVER TEA GLASS ENGRAVED",216
2010-01,"72 SWEETHEART FAIRY CAKE CASES",216
2010-01,"MINI JIGSAW CIRCUS PARADE ",216
2010-01,"UNION JACK FLAG PASSPORT COVER ",216
2010-01,"LUNCH BAG RED RETROSPOT",216
2010-01,"PACK OF 12 SUKI TISSUES ",216
2010-01,"6 CHOCOLATE LOVE HEART T-LIGHTS",216
2010-01,"CLEAR DRAWER KNOB ACRYLIC EDWARDIAN",210
2010-01,"GREY HEART HOT WATER BOTTLE",192
2010-01,"COLOUR GLASS T-LIGHT HOLDER HANGING",192
2010-01,"RETROSPOT HEART HOT WATER BOTTLE",186
2010-01,"RED DRAWER KNOB ACRYLIC EDWARDIAN",180
2010-01,"INFLATABLE POLITICAL GLOBE ",180
2010-01,"SLEEPING CAT ERASERS",180
2010-01,"CHARLOTTE BAG SUKI DESIGN",180
2010-01,"FANCY FONT BIRTHDAY CARD, ",180
2010-01,"JAM MAKING SET WITH JARS",174
2010-01,"KNITTED UNION FLAG HOT WATER BOTTLE",168
2010-01,"FELTCRAFT BUTTERFLY HEARTS",168
2010-01,"SMALL GLASS HEART TRINKET POT",168
2010-01,"PLASTERS IN TIN VINTAGE PAISLEY ",165
2010-01,"GRAND CHOCOLATECANDLE",162
2010-01,"JUMBO STORAGE BAG SUKI",159
2010-01,"MAGIC DRAWING SLATE CIRCUS PARADE  ",156
2010-01,"MAGIC DRAWING SLATE SPACEBOY ",153
2010-01,"PHOTO CUBE",153
2010-01,"MAGIC DRAWING SLATE DOLLY GIRL ",153
2010-01,"RED RETROSPOT WRAP ",150
2010-01,"BOX OF 24 COCKTAIL PARASOLS",150
2010-01,"EDWARDIAN PARASOL NATURAL",150
2010-01,"TOY TIDY PINK POLKADOT",150
2010-01,"VINTAGE BILLBOARD DRINK ME MUG",147
2010-01,"ALARM CLOCK BAKELIKE GREEN",147
2010-01,"SMALL FOLKART STAR CHRISTMAS DEC",144
2010-01,"PACK OF 12 WOODLAND TISSUES ",144
2010-01,"PACK OF 60 DINOSAUR CAKE CASES",144
2010-01,"CHARLIE & LOLA WASTEPAPER BIN FLORA",144
2010-01,"PACK OF 12 SPACEBOY TISSUES",144
2010-01,"MINI JIGSAW SPACEBOY",144
2010-01,"PACK OF 72 SKULL CAKE CASES",144
2010-01,"SET/6 RED SPOTTY PAPER CUPS",144
2010-01,"PACK OF 12 SKULL TISSUES",144
2010-01,"PACK OF 12 CIRCUS PARADE TISSUES ",144
2010-01,"PACK OF 12 BLUE PAISLEY TISSUES ",144
2010-01,"WOODEN BOX OF DOMINOES",144
2010-01,"VICTORIAN GLASS HANGING T-LIGHT",144
2010-01,"FEATHER PEN,COAL BLACK",144
2010-01,"CERAMIC STRAWBERRY DESIGN MUG",144
2010-01,"CLASSICAL ROSE SMALL VASE",144
2010-01,"HYACINTH BULB T-LIGHT CANDLES",144
2010-01,"SMALLFOLKART BAUBLE CHRISTMAS DEC",144
2010-01,"POLKADOT PEN",144
2010-01,"PACK OF 12 PINK PAISLEY TISSUES ",144
2010-01,"EDWARDIAN PARASOL PINK",144
2010-01,"HEART OF WICKER LARGE",138
2010-01,"ALARM CLOCK BAKELIKE RED ",135
2010-01,"BLACK HEART CARD HOLDER",132
2010-01," SET 2 TEA TOWELS I LOVE LONDON ",129
2010-01,"SCOTTIE DOG HOT WATER BOTTLE",129
2010-01,"JUMBO BAG PINK POLKADOT",126
2010-01,"PLASTERS IN TIN SPACEBOY",126
2010-01,"JUMBO BAG OWLS",123
2010-01,"60 CAKE CASES VINTAGE CHRISTMAS",120
2010-01,"VINTAGE HEADS AND TAILS CARD GAME ",120
2010-01,"DELUXE SEWING KIT ",120
2010-01,"CREAM CUPID HEARTS COAT HANGER",120
2010-01,"PLASTERS IN TIN WOODLAND ANIMALS",117
2010-01,"HAND WARMER BABUSHKA DESIGN",117
2010-01,"TRADITIONAL WOODEN SKIPPING ROPE",114
2010-01,"PLASTERS IN TIN SKULLS",114
2010-01,"PLASTERS IN TIN STRONGMAN",111
2010-01,"BIRTHDAY PARTY CORDON BARRIER TAPE",111
2010-01,"PACK OF 12 LONDON TISSUES ",111
2010-01,"EDWARDIAN PARASOL RED",111
2010-01,"SINGLE HEART ZINC T-LIGHT HOLDER",111
2010-01,"GLITTER CHRISTMAS HEART ",111
2010-01,"PINK MARSHMALLOW SCARF KNITTING KIT",108
2010-01,"S/15 SILVER GLASS BAUBLES IN BAG",108
2010-01,"PLACE SETTING WHITE STAR",108
2010-01,"COSMETIC BAG VINTAGE ROSE PAISLEY",108
2010-01,"PINK ROSE FABRIC MIRROR",108
2010-01,"WHITE WIRE EGG HOLDER",108
2010-01,"SET OF 20 KIDS COOKIE CUTTERS",108
2010-01,"PACK OF 12 PINK POLKADOT TISSUES",108
2010-01,"CARD I LOVE LONDON ",108
2010-01,"ALARM CLOCK BAKELIKE PINK",108
2010-01,"STAR WOODEN CHRISTMAS DECORATION",108
2010-01,"LOVEBIRD HANGING DECORATION WHITE ",108
2010-01,"WOODEN FRAME ANTIQUE WHITE ",108
2010-01,"GINGERBREAD MAN COOKIE CUTTER",108
2010-01,"GUMBALL MONOCHROME COAT RACK",108
2010-01,"HAND OVER THE CHOCOLATE   SIGN ",108
2010-01,"RECYCLING BAG RETROSPOT ",108
2010-01,"BROCADE RING PURSE ",108
2010-01,"BLACK LOVE BIRD CANDLE",108
2010-01,"PENS ASSORTED FUNNY FACE",108
2010-01,"HOT WATER BOTTLE I AM SO POORLY",105
2010-01,"TRAVEL SEWING KIT",105
2010-01,"ROUND SNACK BOXES SET OF4 WOODLAND ",105
2010-01,"HEART WOODEN CHRISTMAS DECORATION",102
2010-01,"VICTORIAN SEWING BOX LARGE",102
2010-01,"LUNCH BAG SUKI  DESIGN ",99
2010-01,"PIGGY BANK RETROSPOT ",99
2010-01,"WHITE METAL LANTERN",96
2010-01,"NATURAL SLATE HEART CHALKBOARD ",96
2010-01,"PINK DRAWER KNOB ACRYLIC EDWARDIAN",96
2010-01,"JUMBO BAG STRAWBERRY",93
2010-01,"SCANDINAVIAN REDS RIBBONS",93
2010-01,"GLASS STAR FROSTED T-LIGHT HOLDER",90
2010-01,"HAND WARMER RED POLKA DOT",90
2010-01,"JUMBO BAG PINK VINTAGE PAISLEY",90
2010-01,"PARTY CONE CHRISTMAS DECORATION ",90
2010-01,"JUMBO BAG WOODLAND ANIMALS",90
2010-01,"WHITE SKULL HOT WATER BOTTLE ",90
2010-01,"5 HOOK HANGER MAGIC TOADSTOOL",87
2010-01,"ROTATING SILVER ANGELS T-LIGHT HLDR",87
2010-01,"CHRISTMAS GINGHAM TREE",87
2010-01,"ENGLISH ROSE HOT WATER BOTTLE",87
2010-01,"LARGE HEART MEASURING SPOONS",87
2010-01,"DOORMAT RED RETROSPOT",84
2010-01,"REGENCY CAKESTAND 3 TIER",84
2010-01,"PARTY TIME PENCIL ERASERS",84
2010-01,"ZINC METAL HEART DECORATION",81
2010-01,"VINTAGE SNAP CARDS",81
2010-01,"METAL 4 HOOK HANGER FRENCH CHATEAU",81
2010-01,"SET/10 RED POLKADOT PARTY CANDLES",81
2010-01,"PACK OF 6 BIRDY GIFT TAGS",78
2010-01,"CHICK GREY HOT WATER BOTTLE",78
2010-01,"SPACEBOY LUNCH BOX ",78
2010-01,"LUNCH BOX I LOVE LONDON",78
2010-01,"RETRO COFFEE MUGS ASSORTED",78
2010-01,"STAR DECORATION PAINTED ZINC ",78
2010-01,"EMERGENCY FIRST AID TIN ",75
2010-01,"RECIPE BOX PANTRY YELLOW DESIGN",75
2010-01,"DOORMAT FANCY FONT HOME SWEET HOME",75
2010-01,"FANCY FONTS BIRTHDAY WRAP",75
2010-01,"WOODEN HEART CHRISTMAS SCANDINAVIAN",75
2010-01,"WRAP RED APPLES ",75
2010-01,"WRAP COWBOYS  ",75
2010-01,"HEART IVORY TRELLIS SMALL",75
2010-01,"COOK WITH WINE METAL SIGN ",75
2010-01,"SKULLS AND CROSSBONES WRAP",75
2010-01,"WRAP CHRISTMAS SCREEN PRINT",75
2010-01,"RECIPE BOX RETROSPOT ",75
2010-01,"SET OF 6 SOLDIER SKITTLES",75
2010-01,"SAVE THE PLANET MUG",75
2010-01,"WOODEN TREE CHRISTMAS SCANDINAVIAN",75
2010-01,"PINK/WHITE CHRISTMAS TREE 60CM",72
2010-01,"MAGIC DRAWING SLATE DINOSAUR",72
2010-01,"MAGIC DRAWING SLATE BAKE A CAKE ",72
2010-01,"HEART IVORY TRELLIS LARGE",72
2010-01,"SWEETHEART CERAMIC TRINKET BOX",72
2010-01,"WOODEN STAR CHRISTMAS SCANDINAVIAN",72
2010-01,"GIN AND TONIC MUG",72
2010-01,"STARS GIFT TAPE ",72
2010-01,"CIRCUS PARADE LUNCH BOX ",72
2010-01,"IF YOU CAN'T STAND THE HEAT MUG",72
2010-01,"PAINT YOUR OWN CANVAS SET",72
2010-01,"ASSORTED COLOUR LIZARD SUCTION HOOK",72
2010-01,"CHRISTMAS METAL TAGS ASSORTED ",72
2010-01,"CARD CIRCUS PARADE",72
2010-01,"VINTAGE BILLBOARD LOVE/HATE MUG",72
2010-01,"WOODEN PICTURE FRAME WHITE FINISH",72
2010-01,"RED 3 PIECE RETROSPOT CUTLERY SET",72
2010-01,"PACK 3 BOXES CHRISTMAS PANNETONE",72
2010-01,"SET OF 6 T-LIGHTS TOADSTOOLS",72
2010-01,"GIN & TONIC DIET GREETING CARD ",72
2010-01,"BIRTHDAY CARD, RETRO SPOT",72
2010-01,"PACK OF 60 SPACEBOY CAKE CASES",72
2010-01,"CERAMIC HEART FAIRY CAKE MONEY BANK",72
2010-01,"CERAMIC PIRATE CHEST MONEY BANK",72
2010-01,"I CAN ONLY PLEASE ONE PERSON MUG",72
2010-01,"BLACK CHRISTMAS TREE 60CM",72
2010-01,"PLASTERS IN TIN CIRCUS PARADE ",72
2010-01,"CHOCOLATE CALCULATOR",72
2010-01,"HANGING METAL HEART LANTERN",72
2010-01,"GREEN DRAWER KNOB ACRYLIC EDWARDIAN",72
2010-01,"MINI JIGSAW DINOSAUR ",72
2010-01,"FEATHER PEN,LIGHT PINK",72
2010-01,"MINI JIGSAW BAKE A CAKE ",72
2010-01,"WOODEN SCHOOL COLOURING SET",72
2010-01,"PACK OF 12 TRADITIONAL CRAYONS",72
2010-01,"DOVE DECORATION PAINTED ZINC ",72
2010-01,"ASSORTED BOTTLE TOP  MAGNETS ",72
2010-01,"CIRCUS PARADE CHILDRENS EGG CUP ",72
2010-01,"SMALL HEART MEASURING SPOONS",72
2010-01,"HANGING HEART MIRROR DECORATION ",72
2010-01,"MINI JIGSAW DOLLY GIRL",72
2010-01,"20 DOLLY PEGS RETROSPOT",72
2010-01,"NO SINGING METAL SIGN",72
2010-01,"RETROSPOT TEA SET CERAMIC 11 PC ",69
2010-01,"3 PIECE SPACEBOY COOKIE CUTTER SET",66
2010-01,"SET/2 RED RETROSPOT TEA TOWELS ",66
2010-01,"SET 7 BABUSHKA NESTING BOXES",66
2010-01,"5 HOOK HANGER RED MAGIC TOADSTOOL",66
2010-01,"COSY HOUR GIANT TUBE MATCHES",66
2010-01,"JUMBO STORAGE BAG SKULLS",63
2010-01,"BLUE DRAWER KNOB ACRYLIC EDWARDIAN",63
2010-01,"CUPCAKE LACE PAPER SET 6",63
2010-01,"HOME BUILDING BLOCK WORD",63
2010-01,"ANTIQUE GLASS DRESSING TABLE POT",60
2010-01,"CHOCOLATE HOT WATER BOTTLE",60
2010-01,"CHARLOTTE BAG DOLLY GIRL DESIGN",60
2010-01,"JUMBO BAG TOYS ",60
2010-01,"JUMBO BAG SCANDINAVIAN PAISLEY",60
2010-01,"FRENCH BLUE METAL DOOR SIGN 5",60
2010-01,"EDWARDIAN PARASOL BLACK",60
2010-01,"WHITE SPOT RED CERAMIC DRAWER KNOB",57
2010-01,"SOLDIERS EGG CUP ",57
2010-01,"SILK PURSE BABUSHKA PINK",57
2010-01,"BAG 500g SWIRLY MARBLES",57
2010-01,"ROSE COTTAGE KEEPSAKE BOX ",57
2010-01,"BLUE 3 PIECE POLKADOT CUTLERY SET",57
2010-01,"3 STRIPEY MICE FELTCRAFT",57
2010-01,"VINTAGE UNION JACK CUSHION COVER",54
2010-01,"RED STRIPE CERAMIC DRAWER KNOB",54
2010-01,"SILVER HANGING T-LIGHT HOLDER",54
2010-01,"WOOD S/3 CABINET ANT WHITE FINISH",54
2010-01,"PARTY CONES CANDY ASSORTED",54
2010-01,"ALARM CLOCK BAKELIKE IVORY",54
2010-01,"4 TRADITIONAL SPINNING TOPS",54
2010-01,"WICKER STAR ",54
2010-01,"FAWN BLUE HOT WATER BOTTLE",54
2010-01,"FAIRY CAKE FLANNEL ASSORTED COLOUR",54
2010-01,"RECIPE BOX BLUE SKETCHBOOK DESIGN",54
2010-01,"PACK 3 BOXES BIRD PANNETONE ",51
2010-01,"IVORY GIANT GARDEN THERMOMETER",51
2010-01,"CHRISTMAS HANGING STAR WITH BELL",51
2010-01,"FELTCRAFT PRINCESS CHARLOTTE DOLL",51
2010-01,"SET OF 20 VINTAGE CHRISTMAS NAPKINS",51
2010-01,"PACK OF 12 HEARTS DESIGN TISSUES ",51
2010-01,"PLACE SETTING WHITE HEART",51
2010-01,"CHRISTMAS LIGHTS 10 REINDEER",48
2010-01,"VICTORIAN  METAL POSTCARD SPRING",48
2010-01,"MINI CAKE STAND WITH HANGING CAKES",48
2010-01,"36 PENCILS TUBE WOODLAND",48
2010-01,"ALARM CLOCK BAKELIKE ORANGE",48
2010-01,"BLUE NEW BAROQUE CANDLESTICK CANDLE",48
2010-01,"SMALL STRIPES CHOCOLATE GIFT BAG ",48
2010-01,"CHRISTMAS TOILET ROLL",48
2010-01,"KINGS CHOICE GIANT TUBE MATCHES",48
2010-01,"36 PENCILS TUBE RED RETROSPOT",48
2010-01,"S/4 CACTI CANDLES",48
2010-01,"LOVE BUILDING BLOCK WORD",45
2010-01,"JUMBO BAG DOLLY GIRL DESIGN",45
2010-01,"LUNCH BAG SPACEBOY DESIGN ",45
2010-01,"WICKER WREATH SMALL",45
2010-01,"PINK CREAM FELT CRAFT TRINKET BOX ",45
2010-01,"CHRISTMAS HANGING HEART WITH BELL",45
2010-01,"36 FOIL HEART CAKE CASES",45
2010-01,"LUNCH BAG DOLLY GIRL DESIGN",45
2010-01,"RED TEA TOWEL CLASSIC DESIGN",42
2010-01,"CHILDRENS DOLLY GIRL MUG",42
2010-01,"STAR PORTABLE TABLE LIGHT ",42
2010-01,"TOTE BAG I LOVE LONDON",42
2010-01,"DOORMAT TOPIARY",42
2010-01,"JUMBO BAG CHARLIE AND LOLA TOYS",42
2010-01,"GOLD PRINT PAPER BAG",42
2010-01,"RETROSPOT LARGE MILK JUG",39
2010-01,"RETROSPOT SMALL TUBE MATCHES",39
2010-01,"TRADITIONAL CHRISTMAS RIBBONS",39
2010-01,"FAMILY PHOTO FRAME CORNICE",39
2010-01,"BIRD DECORATION RED RETROSPOT",39
2010-01,"PICTURE DOMINOES",39
2010-01,"CHRISTMAS RETROSPOT TREE WOOD",39
2010-01,"NOEL WOODEN BLOCK LETTERS ",39
2010-01,"LUNCH BAG CARS BLUE",39
2010-01,"RIBBON REEL MAKING SNOWMEN ",39
2010-01,"WASHROOM METAL SIGN",39
2010-01,"FELTCRAFT 6 FLOWER FRIENDS",39
2010-01,"BATH BUILDING BLOCK WORD",39
2010-01,"BLUE PAISLEY TISSUE BOX",39
2010-01,"SPACEBOY CHILDRENS EGG CUP",39
2010-01,"FRENCH WC SIGN BLUE METAL",39
2010-01,"FIRST AID TIN",39
2010-01,"CERAMIC CHERRY CAKE MONEY BANK",39
2010-01,"LADIES & GENTLEMEN METAL SIGN",39
2010-01,"GLITTER CHRISTMAS TREE",39
2010-01,"SET OF 3 HEART COOKIE CUTTERS",39
2010-01,"PINK 3 PIECE POLKADOT CUTLERY SET",39
2010-01,"HEADS AND TAILS SPORTING FUN",39
2010-01,"RAINY LADIES BIRTHDAY CARD",36
2010-01,"RED RETROSPOT TISSUE BOX",36
2010-01,"BLUE BIRDHOUSE DECORATION",36
2010-01,"200 RED + WHITE BENDY STRAWS",36
2010-01,"ANTIQUE TALL SWIRLGLASS TRINKET POT",36
2010-01,"SET/3 CHRISTMAS DECOUPAGE CANDLES",36
2010-01,"SMALL HANGING GLASS+ZINC LANTERN",36
2010-01,"WICKER WREATH LARGE",36
2010-01,"CARD CHRISTMAS VILLAGE",36
2010-01,"SET OF 2 CHRISTMAS DECOUPAGE CANDLE",36
2010-01,"CARD MOTORBIKE SANTA",36
2010-01,"BLACK ORANGE SQUEEZER",36
2010-01,"SET 6 FOOTBALL CELEBRATION CANDLES",36
2010-01,"MULTI COLOUR SILVER T-LIGHT HOLDER",36
2010-01,"3 HOOK HANGER MAGIC GARDEN",36
2010-01,"SET OF 6 GIRLS CELEBRATION CANDLES",36
2010-01,"ROMANTIC PINKS RIBBONS ",36
2010-01,"BRIGHT BLUES RIBBONS ",36
2010-01,"CHOCOLATE BOX RIBBONS ",36
2010-01,"PARTY INVITES FOOTBALL",36
2010-01,"PARTY INVITES JAZZ HEARTS",36
2010-01,"CHILDREN'S CIRCUS PARADE MUG",36
2010-01,"PARTY INVITES SPACEMAN",36
2010-01,"PACK 3 FIRE ENGINE/CAR PATCHES",36
2010-01,"CARD PSYCHEDELIC APPLES",36
2010-01,"SET OF 3 BUTTERFLY COOKIE CUTTERS",36
2010-01,"ROTATING LEAVES T-LIGHT HOLDER",36
2010-01,"POPPY'S PLAYHOUSE BEDROOM ",36
2010-01,"TRADITIONAL WOODEN CATCH CUP GAME ",36
2010-01,"RED METAL BEACH SPADE ",36
2010-01,"POPPY'S PLAYHOUSE KITCHEN",36
2010-01,"CAMOUFLAGE LED TORCH",36
2010-01,"SWALLOWS GREETING CARD",36
2010-01,"IVORY KNITTED MUG COSY ",36
2010-01,"12 PENCILS TALL TUBE SKULLS",36
2010-01,"PANDA AND BUNNIES STICKER SHEET",36
2010-01,"FEATHER PEN,HOT PINK",36
2010-01,"BLUE HARMONICA IN BOX ",36
2010-01,"SKULLS  WATER TRANSFER TATTOOS ",36
2010-01,"TOADSTOOL MONEY BOX",36
2010-01,"VINTAGE SEASIDE JIGSAW PUZZLES",36
2010-01,"CLASSIC WHITE FRAME",36
2010-01,"CHRISTMAS PUDDING TRINKET POT ",36
2010-01,"CARD PARTY GAMES ",36
2010-01,"DOORMAT AIRMAIL ",36
2010-01,"FIVE HEART HANGING DECORATION",36
2010-01,"6 RIBBONS RUSTIC CHARM",36
2010-01,"HANGING METAL STAR LANTERN",36
2010-01,"LIPSTICK PEN FUSCHIA",36
2010-01,"CERAMIC CAKE DESIGN SPOTTED MUG",36
2010-01,"FRIDGE MAGNETS US DINER ASSORTED",36
2010-01,"RING OF ROSES BIRTHDAY CARD",36
2010-01,"BREAD BIN DINER STYLE RED ",36
2010-01,"T-LIGHT HOLDER HANGING LACE",36
2010-01,"HANGING GLASS ETCHED TEALIGHT",36
2010-01,"COWBOYS AND INDIANS BIRTHDAY CARD ",36
2010-01,"FRIDGE MAGNETS LES ENFANTS ASSORTED",36
2010-01,"SILVER PLATE CANDLE BOWL SMALL",36
2010-01,"MAGNETS PACK OF 4 VINTAGE COLLAGE",36
2010-01,"NATURAL SLATE RECTANGLE CHALKBOARD",36
2010-01,"FAIRY SOAP SOAP HOLDER",36
2010-01,"CHILDRENS SPACEBOY MUG",36
2010-01,"TOAST ITS - BEST MUM",36
2010-01,"MAGNETS PACK OF 4 HOME SWEET HOME",36
2010-01,"BOOZE & WOMEN GREETING CARD ",36
2010-01,"CHRISTMAS MUSICAL ZINC STAR",36
2010-01,"SET/12 TAPER CANDLES",36
2010-01,"CHRISTMAS MUSICAL ZINC HEART ",36
2010-01,"PARTY CONES CARNIVAL ASSORTED",36
2010-01,"DOG BOWL CHASING BALL DESIGN",36
2010-01,"FOLKART ZINC HEART CHRISTMAS DEC",36
2010-01,"RED RETROSPOT MINI CASES",36
2010-01,"SET OF 3 BLACK FLYING DUCKS",36
2010-01,"SMALL REGAL  SILVER CANDLEPOT ",36
2010-01,"MAGNETS PACK OF 4 CHILDHOOD MEMORY",36
2010-01,"MAKE YOUR OWN MONSOON CARD KIT",36
2010-01,"PLEASE ONE PERSON METAL SIGN",36
2010-01,"SET OF 72 RETROSPOT PAPER  DOILIES",36
2010-01,"PINK DOUGHNUT TRINKET POT ",36
2010-01,"CARD DOLLY GIRL ",36
2010-01,"CARD BIRTHDAY COWBOY",36
2010-01,"FINE WICKER HEART ",36
2010-01,"CARD BILLBOARD FONT",36
2010-01,"CHRISTMAS LIGHTS 10 VINTAGE BAUBLES",33
2010-01,"RIBBON REEL STRIPES DESIGN ",33
2010-01,"STRAWBERRY CHARLOTTE BAG",33
2010-01,"SMALL PURPLE BABUSHKA NOTEBOOK ",33
2010-01,"WOOD 2 DRAWER CABINET WHITE FINISH",33
2010-01,"BOX OF VINTAGE ALPHABET BLOCKS",33
2010-01,"DOORMAT 3 SMILEY CATS",30
2010-01,"LARGE CHINESE STYLE SCISSOR",30
2010-01,"ROSES REGENCY TEACUP AND SAUCER ",30
2010-01,"SILK PURSE BABUSHKA RED",30
2010-01,"ANT WHITE WIRE HEART SPIRAL",30
2010-01,"POLYESTER FILLER PAD 45x45cm",30
2010-01,"SMALL CHINESE STYLE SCISSOR",30
2010-01,"ENAMEL FIRE BUCKET CREAM",30
2010-01,"SKULL SHOULDER BAG",30
2010-01,"CHRISTMAS RETROSPOT ANGEL WOOD",30
2010-01,"CHILDREN'S APRON DOLLY GIRL ",30
2010-01,"CHRISTMAS RETROSPOT STAR WOOD",30
2010-01,"HEART T-LIGHT HOLDER ",30
2010-01,"LARGE HANGING IVORY & RED WOOD BIRD",30
2010-01,"BABUSHKA LIGHTS STRING OF 10",30
2010-01,"RED RETROSPOT TAPE",30
2010-01,"JAZZ HEARTS PURSE NOTEBOOK",27
2010-01,"PHOTO FRAME CORNICE",27
2010-01,"RETROSPOT PARTY BAG + STICKER SET",27
2010-01,"SMALL YELLOW BABUSHKA NOTEBOOK ",27
2010-01,"CERAMIC CAKE STAND + HANGING CAKES",27
2010-01,"RED RETROSPOT UMBRELLA",27
2010-01,"RIBBON REEL CHRISTMAS SOCK BAUBLE",27
2010-01,"RIBBON REEL SNOWY VILLAGE",27
2010-01,"BREAD BIN DINER STYLE PINK",27
2010-01,"S/6 WOODEN SKITTLES IN COTTON BAG",27
2010-01,"CANDLEHOLDER PINK HANGING HEART",27
2010-01,"COSY SLIPPER SHOES SMALL  RED ",27
2010-01,"MAKE YOUR OWN FLOWERPOWER CARD KIT",24
2010-01,"12 DAISY PEGS IN WOOD BOX",24
2010-01,"COSY HOUR CIGAR BOX MATCHES ",24
2010-01,"CHRISTMAS CRAFT LITTLE FRIENDS",24
2010-01,"VICTORIAN SEWING BOX SMALL ",24
2010-01,"GREEN CHRISTMAS TREE CARD HOLDER",24
2010-01,"ANTIQUE GLASS PEDESTAL BOWL",24
2010-01,"FELTCRAFT CUSHION OWL",24
2010-01,"BOYS VINTAGE TIN SEASIDE BUCKET",24
2010-01,"FELTCRAFT DOLL EMILY",24
2010-01,"PAINTED METAL PEARS ASSORTED",24
2010-01,"GIRLS VINTAGE TIN SEASIDE BUCKET",24
2010-01,"PACK OF 6 HANDBAG GIFT BOXES",24
2010-01,"DOORSTOP RETROSPOT HEART",24
2010-01,"ENAMEL BREAD BIN CREAM",24
2010-01,"SILVER GLASS T-LIGHT SET",24
2010-01,"SET OF 6 T-LIGHTS SANTA",24
2010-01,"RED GINGHAM ROSE JEWELLERY BOX",24
2010-01,"HANGING MEDINA LANTERN SMALL",24
2010-01,"VINTAGE SNAKES & LADDERS",24
2010-01,"RETROSPOT LAMP",24
2010-01,"BLACK/BLUE POLKADOT UMBRELLA",21
2010-01,"RED KITCHEN SCALES",21
2010-01,"ORANGE SCENTED SET/9 T-LIGHTS",21
2010-01,"CAKE STAND VICTORIAN FILIGREE MED",21
2010-01,"FELTCRAFT PRINCESS LOLA DOLL",21
2010-01,"RECIPE BOX WITH METAL HEART",21
2010-01,"TRIPLE PHOTO FRAME CORNICE ",21
2010-01,"RETROSPOT RED WASHING UP GLOVES",21
2010-01,"PAINTED METAL HEART WITH HOLLY BELL",21
2010-01,"SET 12 LAVENDER  BOTANICAL T-LIGHTS",21
2010-01,"FELTCRAFT CHRISTMAS FAIRY",21
2010-01,"SET OF 3 NOTEBOOKS IN PARCEL",21
2010-01,"PEACE WOODEN BLOCK LETTERS",21
2010-01,"BIRD HOUSE HOT WATER BOTTLE",21
2010-01,"SWISS ROLL TOWEL, CHOCOLATE  SPOTS",21
2010-01,"BOX OF 6 ASSORTED COLOUR TEASPOONS",21
2010-01,"PAISLEY PATTERN  STICKERS",18
2010-01,"FLOWERS  STICKERS",18
2010-01,"ART LIGHTS,FUNK MONKEY",18
2010-01,"CREAM SLICE FLANNEL CHOCOLATE SPOT ",18
2010-01,"BLUE COAT RACK PARIS FASHION",18
2010-01,"GREEN REGENCY TEACUP AND SAUCER",18
2010-01,"STRAWBERRY LUNCH BOX WITH CUTLERY",18
2010-01,"LUNCH BOX WITH CUTLERY RETROSPOT ",18
2010-01,"TOMATO CHARLIE+LOLA COASTER SET",18
2010-01,"OFFICE MUG WARMER PINK",18
2010-01,"OFFICE MUG WARMER CHOC+BLUE",18
2010-01,"POLKADOT MUG PINK ",18
2010-01,"YULETIDE IMAGES GIFT WRAP SET",18
2010-01,"ANGEL DECORATION STARS ON DRESS",18
2010-01,"CARDHOLDER GINGHAM STAR",18
2010-01,"3 TRADITIONAL COOKIE CUTTERS  SET",18
2010-01,"MIRRORED WALL ART STARS",18
2010-01,"KINGS CHOICE TEA CADDY ",18
2010-01,"SMALL HEART FLOWERS HOOK ",18
2010-01,"IVORY KITCHEN SCALES",18
2010-01,"METAL SIGN EMPIRE TEA",18
2010-01,"CERAMIC STRAWBERRY MONEY BOX",18
2010-01,"3D CHRISTMAS STAMPS STICKERS ",18
2010-01,"RIDGED GLASS FINGER BOWL",18
2010-01,"CINAMMON SET OF 9 T-LIGHTS",18
2010-01,"PACK OF 6 PANNETONE GIFT BOXES",18
2010-01,"4 IVORY DINNER CANDLES SILVER FLOCK",18
2010-01,"CHARLIE+LOLA PINK HOT WATER BOTTLE",18
2010-01,"SET 3 WICKER OVAL BASKETS W LIDS",18
2010-01,"CHARLIE+LOLA RED HOT WATER BOTTLE ",18
2010-01,"WHITE LOVEBIRD LANTERN",18
2010-01,"GREEN 3 PIECE POLKADOT CUTLERY SET",18
2010-01,"BISCUIT TIN VINTAGE RED",18
2010-01,"CHILDS GARDEN BRUSH PINK",18
2010-01,"DOORMAT HEARTS",18
2010-01,"GINGHAM HEART  DOORSTOP RED",18
2010-01,"LADYBIRD + BEE RAFFIA FOOD COVER",18
2010-01,"5 STRAND GLASS NECKLACE CRYSTAL",18
2010-01,"RED DINER WALL CLOCK",18
2010-01,"BLUE DINER WALL CLOCK",18
2010-01,"IVORY DINER WALL CLOCK",18
2010-01,"12 MESSAGE CARDS WITH ENVELOPES",18
2010-01,"PICNIC BASKET WICKER SMALL",18
2010-01,"BLUE PAISLEY POCKET BOOK",18
2010-01,"RED RETROSPOT MUG",18
2010-01,"BLACK CANDELABRA T-LIGHT HOLDER",18
2010-01,"BLUE CHARLIE+LOLA PERSONAL DOORSIGN",18
2010-01,"CAKE PLATE LOVEBIRD WHITE",18
2010-01,"OFFICE MUG WARMER BLACK+SILVER ",18
2010-01,"STRING OF STARS CARD HOLDER",18
2010-01,"CHARLIE+LOLA"EXTREMELY BUSY"" SIGN"",18
2010-01,"LOLITA  DESIGN  COTTON TOTE BAG",18
2010-01,"LETS GO SHOPPING COTTON TOTE BAG",18
2010-01,"BLUE SPOT CERAMIC DRAWER KNOB",18
2010-01,"SANDWICH BATH SPONGE",15
2010-01,"STAR  T-LIGHT HOLDER ",15
2010-01,"COLOURING PENCILS BROWN TUBE",15
2010-01,"YOU'RE CONFUSING ME METAL SIGN ",15
2010-01,POSTAGE,15
2010-01,"GIRLY PINK TOOL SET",15
2010-01,"FELTCRAFT CUSHION BUTTERFLY",15
2010-01,"RIDGED GLASS STORAGE JAR CREAM LID",15
2010-01,"SET 12 RETRO WHITE CHALK STICKS",15
2010-01,"KINGS CHOICE BISCUIT TIN",15
2010-01,"SET OF 2 TEA TOWELS APPLE AND PEARS",15
2010-01,"RED STAR CARD HOLDER",15
2010-01,"FELT EGG COSY BLUE RABBIT ",15
2010-01,"SET/10 PINK POLKADOT PARTY CANDLES",15
2010-01,"BLACK TEA TOWEL CLASSIC DESIGN",15
2010-01,"SET/4 BADGES CUTE CREATURES",15
2010-01,"FELTCRAFT CUSHION RABBIT",15
2010-01,"CHRISTMAS DECOUPAGE CANDLE",15
2010-01,"RETROSPOT CIGAR BOX MATCHES ",15
2010-01,"TOOL BOX SOFT TOY ",15
2010-01,"GUMBALL COAT RACK",15
2010-01,"VANILLA SCENT CANDLE JEWELLED BOX",12
2010-01,"ROMANTIC IMAGES NOTEBOOK SET",12
2010-01,"3 TIER CAKE TIN GREEN AND CREAM",12
2010-01,"WOOD BLACK BOARD ANT WHITE FINISH",12
2010-01,"CLASSIC METAL BIRDCAGE PLANT HOLDER",12
2010-01,"FAIRY CAKE BIRTHDAY CANDLE SET",12
2010-01,"SILVER  CANDLEPOT JARDIN ",12
2010-01,"HOME SMALL WOOD LETTERS",12
2010-01,"ROSE CARAVAN DOORSTOP",12
2010-01,"SET OF 3 GOLD FLYING DUCKS",12
2010-01,"IVORY EMBROIDERED QUILT ",12
2010-01,"DOORMAT FAIRY CAKE",12
2010-01,"DOORMAT PEACE ON EARTH BLUE",12
2010-01,"DOORMAT NEW ENGLAND",12
2010-01,"SLATE TILE NATURAL HANGING",12
2010-01,"RETROSPOT BABUSHKA DOORSTOP",12
2010-01,"ALARM CLOCK BAKELIKE CHOCOLATE",12
2010-01,"HI TEC ALPINE HAND WARMER",12
2010-01,"VINTAGE UNION JACK APRON",12
2010-01,"AIRLINE BAG VINTAGE TOKYO 78",12
2010-01,"FELTCRAFT HAIRBAND PINK AND PURPLE",12
2010-01,"MIRRORED WALL ART SKULLS",12
2010-01,"PHOTO CLIP LINE",12
2010-01,"SET OF 2 WOODEN MARKET CRATES",12
2010-01,"FELTCRAFT DOLL MOLLY",12
2010-01,"BREAD BIN DINER STYLE IVORY",12
2010-01,"CHILDS BREAKFAST SET DOLLY GIRL ",12
2010-01,"METAL SIGN TAKE IT OR LEAVE IT ",12
2010-01,"FELTCRAFT HAIRBAND RED AND BLUE",12
2010-01,"SET OF 4 NAPKIN CHARMS LEAVES   ",12
2010-01,"SET OF 4 NAPKIN CHARMS STARS   ",12
2010-01,"SUKI  SHOULDER BAG",12
2010-01,"REX CASH+CARRY JUMBO SHOPPER",12
2010-01,"CREAM SWEETHEART LETTER RACK",12
2010-01,"WHITE CHRISTMAS GARLAND STARS TREES",12
2010-01,"WHITE BAMBOO RIBS LAMPSHADE",12
2010-01,"BAG 125g SWIRLY MARBLES",12
2010-01,"PENCIL CASE LIFE IS BEAUTIFUL",12
2010-01,"COLOUR GLASS. STAR T-LIGHT HOLDER",12
2010-01,"GREEN CHRISTMAS TREE STRING 20LIGHT",12
2010-01,"SET/10 BLUE POLKADOT PARTY CANDLES",12
2010-01,"ASSORTED COLOUR MINI CASES",12
2010-01,"PIZZA PLATE IN BOX",12
2010-01,"DOCTOR'S BAG SOFT TOY",12
2010-01,"SET OF 4 FAIRY CAKE PLACEMATS",12
2010-01,"PINK NEW BAROQUECANDLESTICK CANDLE",12
2010-01,"RED COAT RACK PARIS FASHION",9
2010-01,"YELLOW COAT RACK PARIS FASHION",9
2010-01,"DIAMANTE HAIR GRIP PACK/2 RUBY",9
2010-01,"GIN + TONIC DIET METAL SIGN",9
2010-01,"SET OF 4 NAPKIN CHARMS CUTLERY",9
2010-01,"PINK HEART DOTS HOT WATER BOTTLE",9
2010-01,"PINK SWEETHEART BRACELET",9
2010-01,"VINTAGE PAISLEY STATIONERY SET",9
2010-01,"WHITE BELL HONEYCOMB PAPER ",9
2010-01,"12 PENCILS SMALL TUBE SKULL",9
2010-01,"MEASURING TAPE BABUSHKA RED",9
2010-01,"GLASS CLOCHE SMALL",9
2010-01,"CHILDS BREAKFAST SET SPACEBOY ",9
2010-01,"ENAMEL FLOWER JUG CREAM",9
2010-01,"DECORATIVE PLANT POT WITH FRIEZE",9
2010-01,"CHEST OF DRAWERS GINGHAM HEART ",9
2010-01,"SKULLS SQUARE TISSUE BOX",9
2010-01,"JOY WOODEN BLOCK LETTERS",9
2010-01,"DOORMAT SPOTTY HOME SWEET HOME",9
2010-01,"SET/9 CHRISTMAS T-LIGHTS SCENTED ",9
2010-01,"ANTIQUE GLASS HEART DECORATION ",9
2010-01,"CURIOUS  IMAGES NOTEBOOK SET",9
2010-01,"WOOD STOCKING CHRISTMAS SCANDISPOT",9
2010-01,"SKULLS STORAGE BOX SMALL",9
2010-01,"PACK OF 6 SWEETIE GIFT BOXES",9
2010-01,"SILVER LOOKING MIRROR",9
2010-01,"SWALLOW WOODEN CHRISTMAS DECORATION",9
2010-01,"SWEETHEART WIRE MAGAZINE RACK",9
2010-01,"SET OF 3 BABUSHKA STACKING TINS",9
2010-01,"FRENCH BLUE METAL DOOR SIGN 3",9
2010-01,"GROW YOUR OWN BASIL IN ENAMEL MUG",9
2010-01,"HERB MARKER BASIL",9
2010-01,"ASSORTED TUTTI FRUTTI MIRROR",9
2010-01,"BOX OF VINTAGE JIGSAW BLOCKS ",9
2010-01,"RED RETROSPOT OVEN GLOVE DOUBLE",9
2010-01,"3 HOOK PHOTO SHELF ANTIQUE WHITE",9
2010-01,"RETROSPOT GIANT TUBE MATCHES",9
2010-01,"CALENDAR PAPER CUT DESIGN",9
2010-01,"PAINTED METAL STAR WITH HOLLY BELLS",9
2010-01,"POTTING SHED SEED ENVELOPES",9
2010-01,"DOLLY GIRL LUNCH BOX",9
2010-01,"RED WHITE SCARF  HOT WATER BOTTLE",9
2010-01,"LANTERN CREAM GAZEBO ",9
2010-01,"COSY SLIPPER SHOES SMALL GREEN",9
2010-01,"SET OF 72 GREEN PAPER DOILIES",9
2010-01,"CHILDRENS APRON SPACEBOY DESIGN",9
2010-01,"CHRISTMAS LIGHTS 10 SANTAS ",9
2010-01,"FELTCRAFT HAIRBANDS PINK AND WHITE ",9
2010-01,"MAGIC DRAWING SLATE GO TO THE FAIR ",9
2010-01,"CHARLIE + LOLA RED HOT WATER BOTTLE",9
2010-01,"AIRLINE LOUNGE,METAL SIGN",6
2010-01,"CARAVAN SQUARE TISSUE BOX",6
2010-01,"TEA TIME DES TEA COSY",6
2010-01,"SET OF 6 FUNKY BEAKERS",6
2010-01,"RIBBON REEL SOCKS AND MITTENS",6
2010-01,"CHRISTMAS TREE T-LIGHT HOLDER",6
2010-01,"3 TIER CAKE TIN RED AND CREAM",6
2010-01,"ORGANISER WOOD ANTIQUE WHITE ",6
2010-01,"MINI FUNKY DESIGN TAPES",6
2010-01,"S/6 SEW ON CROCHET FLOWERS",6
2010-01,"BALLOONS  WRITING SET ",6
2010-01,"SWEETHEART CAKESTAND 3 TIER",6
2010-01,"SET OF 4 ENGLISH ROSE PLACEMATS",6
2010-01,"SET OF 4 ENGLISH ROSE COASTERS",6
2010-01,"SET OF 2 TINS JARDIN DE PROVENCE",6
2010-01,"HERB MARKER MINT",6
2010-01,"TOILET METAL SIGN",6
2010-01,"I'M ON HOLIDAY METAL SIGN",6
2010-01,"SET OF 6 T-LIGHTS SNOWMEN",6
2010-01,"BLACK SWEETHEART BRACELET",6
2010-01,"DIAMANTE HAIR GRIP PACK/2 BLACK DIA",6
2010-01,"BLACK DIAMANTE EXPANDABLE RING",6
2010-01,"CARD HOLDER GINGHAM HEART",6
2010-01,"CALENDAR IN SEASON DESIGN",6
2010-01,"TURQUOISE CHRISTMAS TREE ",6
2010-01,"PACK OF 60 MUSHROOM CAKE CASES",6
2010-01,"TV DINNER TRAY DOLLY GIRL",6
2010-01," 4 PURPLE FLOCK DINNER CANDLES",6
2010-01,"FELTCRAFT PRINCESS OLIVIA DOLL",6
2010-01,"EIGHT PIECE DINOSAUR SET",6
2010-01,"ASS COL SMALL SAND GECKO P'WEIGHT",6
2010-01,"60 CAKE CASES DOLLY GIRL DESIGN",6
2010-01,"12 PENCIL SMALL TUBE WOODLAND",6
2010-01,"BLACK KITCHEN SCALES",6
2010-01,"IVORY ENCHANTED FOREST PLACEMAT",6
2010-01,"TOAST ITS - HAPPY BIRTHDAY",6
2010-01,"PAPER CHAIN KIT LONDON",6
2010-01,"FELTCRAFT DOLL ROSIE",6
2010-01,"CHRISTMAS CRAFT TREE TOP ANGEL",6
2010-01,"URBAN BLACK RIBBONS ",6
2010-01,"WOODEN ADVENT CALENDAR RED",6
2010-01,"MINT KITCHEN SCALES",6
2010-01,"WHITE WOOD GARDEN PLANT LADDER",6
2010-01,"GLASS JAR ENGLISH CONFECTIONERY",6
2010-01,"ROUND SNACK BOXES SET OF 4 SKULLS",6
2010-01,"SWALLOW SQUARE TISSUE BOX",6
2010-01,"PINK HEARTS PAPER GARLAND",6
2010-01,"BLACK DINER WALL CLOCK",6
2010-01,"GARLAND WOODEN HAPPY EASTER",6
2010-01,"S/4 VALENTINE DECOUPAGE HEART BOX",6
2010-01,"SET 10 LIGHTS NIGHT OWL",6
2010-01,"RED RETROSPOT CAKE STAND",6
2010-01,"SWEETHEART WIRE WALL TIDY",6
2010-01,"GUMBALL MAGAZINE RACK",6
2010-01,"CHRISTMAS CRAFT WHITE FAIRY ",6
2010-01,"36 FOIL STAR CAKE CASES ",6
2010-01,"FOLDING UMBRELLA CREAM POLKADOT",6
2010-01,"SET OF 6 KASHMIR FOLKART BAUBLES",6
2010-01,"PINK UNION JACK  LUGGAGE TAG",6
2010-01,"DOORMAT ENGLISH ROSE ",6
2010-01,"DOORMAT UNION FLAG",6
2010-01,"MIRRORED WALL ART FOXY",6
2010-01,"GREEN FERN NOTEBOOK",6
2010-01,"LARGE WHITE HONEYCOMB PAPER BELL  ",6
2010-01,"BLUE PAISLEY NOTEBOOK",6
2010-01,"SWEETHEART RECIPE BOOK STAND",6
2010-01,"CHRISTMAS HANGING TREE WITH BELL",6
2010-01,"JINGLE BELLS TREE DECORATION",6
2010-01,"SET OF 4 NAPKIN CHARMS INSTRUMENT",6
2010-01,"CHRYSANTHEMUM NOTEBOOK",6
2010-01,"SWISS CHALET TREE DECORATION ",6
2010-01,"BIRD BOX CHRISTMAS TREE DECORATION",6
2010-01,Manual,6
2010-01,"COOKING SET RETROSPOT",6
2010-01,"MA CAMPAGNE CUTLERY BOX",6
2010-01,"GENTLEMAN SHIRT REPAIR KIT ",6
2010-01,"TABLE LAMP WHITE SHADE WOOD BASE",6
2010-01,"CHERRY BLOSSOM PASSPORT COVER",6
2010-01,"GREEN GIANT GARDEN THERMOMETER",6
2010-01,"BLUE GIANT GARDEN THERMOMETER",6
2010-01,"SAVE THE PLANET COTTON TOTE BAG",6
2010-01,"EUCALYPTUS & PINECONE  WREATH",6
2010-01,"UNION JACK FLAG LUGGAGE TAG",6
2010-01,"15CM CHRISTMAS GLASS BALL 20 LIGHTS",6
2010-01,"CUSHION COVER PINK UNION JACK",6
2010-01,"FOLDING UMBRELLA RED/WHITE POLKADOT",6
2010-01,"POLYESTER FILLER PAD 45x30cm",6
2010-01,"UNION STRIPE WITH FRINGE  HAMMOCK",6
2010-01,"BLUE TEA TOWEL CLASSIC DESIGN",6
2010-01,"SQUARECUSHION COVER PINK UNION FLAG",6
2010-01,"PAINTED LIGHTBULB STAR+ MOON",6
2010-01,"HERB MARKER PARSLEY",6
2010-01,"LUNCH BAG PINK POLKADOT",6
2010-01,"LUNCH BAG WOODLAND",6
2010-01,"RED SHARK HELICOPTER",6
2010-01,"YELLOW SHARK HELICOPTER",6
2010-01,"SNOWFLAKE PORTABLE TABLE LIGHT ",6
2010-01,"BLUE DRAGONFLY HELICOPTER",6
2010-01,"LETTER "J"" BLING KEY RING"",6
2010-01,"SET/3 VANILLA SCENTED CANDLE IN BOX",6
2010-01,"36 PENCILS TUBE SKULLS",6
2010-01,"EMPIRE UNION JACK TV DINNER TRAY",6
2010-01,"VICTORIAN SEWING BOX MEDIUM",6
2010-01,"BLACK PIRATE TREASURE CHEST",6
2010-01,"CHRYSANTHEMUM SKETCHBOOK ",6
2010-01,"HERB MARKER CHIVES ",6
2010-01,"APPLE BATH SPONGE",6
2010-01,"VINTAGE KEEPSAKE BOX PARIS DAYS",6
2010-01,"SET OF 9 HEART SHAPED BALLOONS",6
2010-01,"CINAMMON & ORANGE WREATH",6
2010-01,"PINK & WHITE BREAKFAST TRAY",3
2010-01,"ENGLISH ROSE SPIRIT LEVEL ",3
2010-01,"LARGE ROUND WICKER PLATTER ",3
2010-01,"PINK BREAKFAST CUP AND SAUCER ",3
2010-01,"PAPER CHAIN KIT RETROSPOT",3
2010-01,"FELT EGG COSY WHITE RABBIT ",3
2010-01,"ENAMEL MEASURING JUG CREAM",3
2010-01,"ZINC WILLIE WINKIE  CANDLE STICK",3
2010-01,"BLUE OWL SOFT TOY",3
2010-01,"BLUE PAPER PARASOL ",3
2010-01,"BALLOON ART MAKE YOUR OWN FLOWERS",3
2010-01,"RUSTIC  SEVENTEEN DRAWER SIDEBOARD",3
2010-01,"BOUDOIR SQUARE TISSUE BOX",3
2010-01,"RED ENCHANTED FOREST PLACEMAT",3
2010-01,"LAVENDER INCENSE IN TIN",3
2010-01,"MEASURING TAPE BABUSHKA BLUE",3
2010-01,"TV DINNER TRAY VINTAGE PAISLEY",3
2010-01,"WOODEN ROUNDERS GARDEN SET ",3
2010-01,"MIRRORED DISCO BALL ",3
2010-01,"DISCO BALL ROTATOR BATTERY OPERATED",3
2010-01,"METAL SIGN HER DINNER IS SERVED ",3
2010-01,"BATHROOM METAL SIGN",3
2010-01,"KITCHEN METAL SIGN",3
2010-01,"SET 20 NAPKINS FAIRY CAKES DESIGN ",3
2010-01,"GLASS JAR DIGESTIVE BISCUITS",3
2010-01,"MILK BOTTLE WITH GLASS STOPPER ",3
2010-01,"WELCOME  WOODEN BLOCK LETTERS",3
2010-01,"SET/4 MODERN VINTAGE COTTON NAPKINS",3
2010-01,"STRAWBERRY BATH SPONGE ",3
2010-01,"PINK OVAL JEWELLED MIRROR",3
2010-01,"NO JUNK MAIL METAL SIGN",3
2010-01,"TEA TIME TABLE CLOTH",3
2010-01,"VINTAGE GLASS COFFEE CADDY",3
2010-01,"GLASS  BEURRE DISH",3
2010-01,"CHILDREN'S SPACEBOY MUG",3
2010-01,"TOY TIDY DOLLY GIRL DESIGN",3
2010-01,"RED HEART LUGGAGE TAG",3
2010-01,"RED GLASS TASSLE BAG CHARM",3
2010-01,"CLEAR ACRYLIC FACETED BANGLE",3
2010-01,"DOORMAT UNION JACK GUNS AND ROSES",3
2010-01,"FULL ENGLISH BREAKFAST PLATE",3
2010-01,"RED FLOWER CROCHET FOOD COVER",3
2010-01,"CHERRY CROCHET FOOD COVER",3
2010-01,"STRAWBERRY RAFFIA FOOD COVER",3
2010-01,"POLKA DOT RAFFIA FOOD COVER",3
2010-01,"PINK B'FLY C/COVER W BOBBLES",3
2010-01,"6 RIBBONS ELEGANT CHRISTMAS ",3
2010-01,"PAPER BUNTING COLOURED LACE",3
2010-01,"BOOM BOX SPEAKER GIRLS",3
2010-01,"6 RIBBONS SHIMMERING PINKS ",3
2010-01,"OWL DOORSTOP",3
2010-01,"CHOCOLATE 3 WICK MORRIS BOX CANDLE",3
2010-01,"CREAM SWEETHEART WALL CABINET",3
2010-01,"STRAWBERRY SHOPPER BAG",3
2010-01,"ROUND SNACK BOXES SET OF 4 FRUITS ",3
2010-01,"GREEN POLKADOT PLATE ",3
2010-01,"BLUE POLKADOT PLATE ",3
2010-01,"RED RETROSPOT PLATE ",3
2010-01,"PINK  POLKADOT PLATE ",3
2010-01,"SET OF 4 NAPKIN CHARMS HEARTS",3
2010-01,"FOLDING UMBRELLA PINKWHITE POLKADOT",3
2010-01,"ROCKING HORSE GREEN CHRISTMAS ",3
2010-01,"FOLDING UMBRELLA WHITE/RED POLKADOT",3
2010-01,"ADVENT CALENDAR GINGHAM SACK",3
2010-01,"SET OF 4 NAPKIN CHARMS 3 KEYS ",3
2010-01,"PURPLE DRAWERKNOB ACRYLIC EDWARDIAN",3
2010-01,"SET OF 4 NAPKIN CHARMS CROWNS ",3
2010-01,"DIAMANTE HAIR GRIP PACK/2 MONTANA",3
2010-01,"SILVER CHRISTMAS TREE BAUBLE STAND ",3
2010-01,"GARLAND WITH STARS AND BELLS",3
2010-01,"CHRISTMAS GARLAND STARS,TREES",3
2010-01,"BLUE SWEETHEART BRACELET",3
2010-01,"PURPLE SWEETHEART BRACELET",3
2010-01,"WOODEN ADVENT CALENDAR CREAM",3
2010-01,"RIBBON REEL CHRISTMAS PRESENT ",3
2010-01,"CARDHOLDER HOLLY WREATH METAL",3
2010-01,"HEART FILIGREE DOVE LARGE",3
2010-01,"DOORMAT I LOVE LONDON",3
2010-01,"WOOD AND GLASS MEDICINE CABINET",3
2010-01,"SWIRLY CIRCULAR RUBBERS IN BAG",3
2010-01,"BLUE ROSE FABRIC MIRROR",3
2010-01,"RETRO MOD TRAY",3
2010-01,"THREE CANVAS LUGGAGE TAGS",3
2010-01,"MAKE YOUR OWN PLAYTIME CARD KIT",3
2010-01,"BEACH HUT KEY CABINET",3
2010-01,"DINOSAURS  WRITING SET ",3
2010-01,"FRENCH BLUE METAL DOOR SIGN No",3
2010-01,"SKULLS WRITING SET ",3
2010-01,"DOORMAT BLACK FLOCK ",3
2010-01,"OFFICE MUG WARMER POLKADOT",3
2010-01,"FOUR HOOK  WHITE LOVEBIRDS",3
2010-01,"VINTAGE UNION JACK BUNTING",3
2010-01,"RETRO LONGBOARD IRONING BOARD COVER",3
2010-01,"HERB MARKER ROSEMARY",3
2010-01,"3D DOG PICTURE PLAYING CARDS",3
2010-01,"MIRRORED WALL ART GENTS",3
2010-01,"TV DINNER TRAY AIR HOSTESS ",3
2010-01,"CAMOUFLAGE DESIGN TEDDY",3
2010-01,"PINK FLOWER FABRIC PONY",3
2010-01,"POLYESTER FILLER PAD 40x40cm",3
2010-01,"AIRLINE BAG VINTAGE JET SET WHITE",3
2010-01,"POTTING SHED SOW 'N' GROW SET",3
2010-01,"SET 12 KIDS  WHITE CHALK STICKS",3
2010-01,"NUMBER TILE COTTAGE GARDEN 8",3
2010-01,"AIRLINE BAG VINTAGE WORLD CHAMPION ",3
2010-01,"CLASSIC FRENCH STYLE BASKET NATURAL",3
2010-01,"OVERNIGHT BAG VINTAGE ROSE PAISLEY",3
2010-01,"NURSERY A,B,C PAINTED LETTERS",3
2010-01,"SET OF 2 ROUND TINS DUTCH CHEESE",3
2010-01,"CRAZY DAISY HEART DECORATION",3
2010-01,CARRIAGE,3
2010-01,"TRAY, BREAKFAST IN BED",3
2010-01,"BUTTON BOX ",3
2010-01,"SMALL RED BABUSHKA NOTEBOOK ",3
2010-01,"HERB MARKER THYME",3
2010-01,"GREEN GEISHA GIRL ",3
2010-01,"METAL MERRY CHRISTMAS WREATH",3
2010-01,"PINK PAISLEY SQUARE TISSUE BOX ",3
2010-01,"SET/10 IVORY POLKADOT PARTY CANDLES",3
2010-01,"LADLE LOVE HEART PINK",3
2010-01,"LETTER "M"" BLING KEY RING"",3
2010-01,"LETTER "V"" BLING KEY RING"",3
2010-01,"LETTER "S"" BLING KEY RING"",3
2010-01,"GARDEN PATH JOURNAL",3
2010-01,"WALL TIDY RETROSPOT ",3
2010-01,"BINGO SET",3
2010-01,"KIDS RAIN MAC PINK",3
2010-01,"RED RETROSPOT CUP",3
2010-01,"SQUARE FLOOR CUSHION VINTAGE RED",3
2010-01,"SMALL LICORICE DES PINK BOWL",3
2010-01,"SET OF 2 TINS VINTAGE BATHROOM ",3
2010-01,"BLUE  DIAMANTE PEN IN GIFT BOX",3
2010-01,"PICNIC BASKET WICKER LARGE",3
2010-01,"GREEN FERN JOURNAL ",3
2010-01,"RIBBON REEL FLORA + FAUNA ",3
2010-01,"BLACK EAR MUFF HEADPHONES",3
2010-01,"RED POLKADOT COFFEE  MUG",3
2010-01,"CREAM SWEETHEART EGG HOLDER",3
2010-01,"PINK PARTY BAGS",3
2010-01,"SET OF 4 ROSE BOTANICAL CANDLES",3
2010-01,"BLUE PARTY BAGS ",3
2010-01,"LOVE HEART SOCK HANGER",3
2010-01,"SCOTTIES CHILDRENS APRON",3
2010-01,"BLUE GEISHA GIRL ",3
2010-01,"NEWSPAPER STAND",3
2010-01,"HOME SWEET HOME MUG",3
2010-01,"CHILDRENS GARDEN GLOVES BLUE",3
2010-01,"PACK OF 20 NAPKINS PANTRY DESIGN",3
2010-01,"BAG 250g SWIRLY MARBLES",3
2010-01,"MULTICOLOUR  CONFETTI IN TUBE",3
2010-01,"ROSE 3 WICK MORRIS BOX CANDLE",3
2010-01,"ROSE SCENT CANDLE JEWELLED DRAWER",3
2010-01,"RED RETROSPOT CHILDRENS UMBRELLA",3
2010-01,"PAPER BUNTING WHITE LACE",3
2010-01,"FOLDING UMBRELLA CHOCOLATE POLKADOT",3
2010-01,"CAKE STAND LOVEBIRD 2 TIER WHITE",3
2010-01,"3 GARDENIA MORRIS BOXED CANDLES",3
2010-01,"SET/4 GARDEN ROSE DINNER CANDLE",3
2010-01,"SET OF 16 VINTAGE PISTACHIO CUTLERY",3
2010-01,"WOODEN HAPPY BIRTHDAY GARLAND",3
2010-01,"FELT EGG COSY CHICKEN",3
2010-01,"YELLOW BREAKFAST CUP AND SAUCER",3
2010-02,"WORLD WAR 2 GLIDERS ASSTD DESIGNS",9792
2010-02,"ASSORTED COLOUR T-LIGHT HOLDER",5472
2010-02,"RED  HARMONICA IN BOX ",4344
2010-02,"PACK OF 12 LONDON TISSUES ",1848
2010-02,"ASSORTED COLOUR BIRD ORNAMENT",1509
2010-02,"PACK OF 72 RETROSPOT CAKE CASES",1377
2010-02,"LUNCH BOX I LOVE LONDON",1164
2010-02,"ROTATING SILVER ANGELS T-LIGHT HLDR",1158
2010-02,"SLEEPING CAT ERASERS",1080
2010-02,"VINTAGE HEADS AND TAILS CARD GAME ",972
2010-02,"PACK OF 6 BIRDY GIFT TAGS",942
2010-02,"WHITE HANGING HEART T-LIGHT HOLDER",927
2010-02,"MINI PAINT SET VINTAGE ",864
2010-02,"BLUE POLKADOT WRAP",825
2010-02,"RED RETROSPOT WRAP ",750
2010-02,"HANGING JAM JAR T-LIGHT HOLDER",720
2010-02,"ANTIQUE SILVER TEA GLASS ETCHED",720
2010-02,"VINTAGE SNAP CARDS",684
2010-02,"SET 7 BABUSHKA NESTING BOXES",657
2010-02,"CAMOUFLAGE LED TORCH",630
2010-02,"JAM MAKING SET PRINTED",600
2010-02,"BAG 125g SWIRLY MARBLES",576
2010-02,"GRAND CHOCOLATECANDLE",567
2010-02,"REGENCY CAKESTAND 3 TIER",552
2010-02,"SET OF 20 VINTAGE CHRISTMAS NAPKINS",549
2010-02,"RETRO COFFEE MUGS ASSORTED",522
2010-02,"PLASTERS IN TIN STRONGMAN",507
2010-02,"CHINESE DRAGON PAPER LANTERNS",504
2010-02,"60 TEATIME FAIRY CAKE CASES",504
2010-02,"FANCY FONT BIRTHDAY CARD, ",468
2010-02,"HAND WARMER UNION JACK",456
2010-02,"60 CAKE CASES VINTAGE CHRISTMAS",438
2010-02,"PACK OF 60 PINK PAISLEY CAKE CASES",432
2010-02,"MAGIC DRAWING SLATE SPACEBOY ",432
2010-02,"MAGIC DRAWING SLATE PURDEY",432
2010-02,"BLACK CANDELABRA T-LIGHT HOLDER",432
2010-02,"RED WOOLLY HOTTIE WHITE HEART.",405
2010-02,"PAPER CHAIN KIT VINTAGE CHRISTMAS",402
2010-02,"KNITTED UNION FLAG HOT WATER BOTTLE",402
2010-02,"WOODLAND CHARLOTTE BAG",396
2010-02,"PAPER CHAIN KIT 50'S CHRISTMAS ",387
2010-02,"PINK POLKADOT WRAP ",375
2010-02,"WHITE SPOT BLUE CERAMIC DRAWER KNOB",372
2010-02,"12 PENCILS SMALL TUBE RED RETROSPOT",363
2010-02,"GUMBALL COAT RACK",360
2010-02,"IVORY PAPER CUP CAKE CASES ",360
2010-02,"BLACK ENCHANTED FOREST PLACEMAT",360
2010-02,"SET/20 RED RETROSPOT PAPER NAPKINS ",345
2010-02,"VICTORIAN SEWING KIT",342
2010-02,"HAND WARMER OWL DESIGN",339
2010-02,"CLOTHES PEGS RETROSPOT PACK 24 ",333
2010-02,"12 PENCILS SMALL TUBE SKULL",330
2010-02,"APPLE BATH SPONGE",330
2010-02,"STAR PORTABLE TABLE LIGHT ",324
2010-02,"MAGIC DRAWING SLATE DOLLY GIRL ",324
2010-02,"HANGING BAUBLE T-LIGHT HOLDER SMALL",324
2010-02,"SOLDIERS EGG CUP ",306
