description,last_sold_date
"WHITE HANGING HEART T-LIGHT HOLDER","2011-12-08 14:50:00"
"WHITE METAL LANTERN","2011-12-08 14:25:00"
"CREAM CUPID HEARTS COAT HANGER","2011-12-06 12:01:00"
"KNITTED UNION FLAG HOT WATER BOTTLE","2011-12-08 12:37:00"
"RED WOOLLY HOTTIE WHITE HEART.","2011-09-03 11:44:00"
"SET 7 BABUSHKA NESTING BOXES","2011-12-07 15:22:00"
"GLASS STAR FROSTED T-LIGHT HOLDER","2011-09-08 10:47:00"
"HAND WARMER UNION JACK","2011-12-06 14:57:00"
"HAND WARMER RED POLKA DOT","2010-03-12 10:26:00"
"ASSORTED COLOUR BIRD ORNAMENT","2011-12-08 14:33:00"
"POPPY'S PLAYHOUSE BEDROOM ","2011-12-06 13:17:00"
"POPPY'S PLAYHOUSE KITCHEN","2011-12-06 13:17:00"
"FELTCRAFT PRINCESS CHARLOTTE DOLL","2011-12-06 13:17:00"
"IVORY KNITTED MUG COSY ","2011-12-07 14:48:00"
"BOX OF 6 ASSORTED COLOUR TEASPOONS","2011-12-05 11:59:00"
"BOX OF VINTAGE JIGSAW BLOCKS ","2011-12-06 13:17:00"
"BOX OF VINTAGE ALPHABET BLOCKS","2011-12-06 13:17:00"
"HOME BUILDING BLOCK WORD","2011-12-08 12:42:00"
"LOVE BUILDING BLOCK WORD","2011-12-08 16:36:00"
"RECIPE BOX WITH METAL HEART","2010-01-12 16:49:00"
"DOORMAT NEW ENGLAND","2011-12-08 12:42:00"
"JAM MAKING SET WITH JARS","2011-12-08 14:50:00"
"RED COAT RACK PARIS FASHION","2011-12-06 13:17:00"
"YELLOW COAT RACK PARIS FASHION","2011-12-08 15:22:00"
"BLUE COAT RACK PARIS FASHION","2011-12-06 13:17:00"
"BATH BUILDING BLOCK WORD","2011-12-06 12:03:00"
"ALARM CLOCK BAKELIKE PINK","2011-12-08 15:00:00"
"ALARM CLOCK BAKELIKE RED ","2011-12-08 12:46:00"
"ALARM CLOCK BAKELIKE GREEN","2011-12-08 09:04:00"
"PANDA AND BUNNIES STICKER SHEET","2011-12-05 09:40:00"
"STARS GIFT TAPE ","2011-11-08 13:34:00"
"INFLATABLE POLITICAL GLOBE ","2011-11-01 12:11:00"
"VINTAGE HEADS AND TAILS CARD GAME ","2011-12-08 09:57:00"
"SET/2 RED RETROSPOT TEA TOWELS ","2011-12-07 17:09:00"
"ROUND SNACK BOXES SET OF4 WOODLAND ","2011-12-08 15:22:00"
"SPACEBOY LUNCH BOX ","2011-12-08 11:09:00"
"LUNCH BOX I LOVE LONDON","2011-12-08 13:27:00"
"CIRCUS PARADE LUNCH BOX ","2011-12-04 13:19:00"
"CHARLOTTE BAG DOLLY GIRL DESIGN","2011-12-08 12:36:00"
"RED TOADSTOOL LED NIGHT LIGHT","2011-12-08 15:00:00"
" SET 2 TEA TOWELS I LOVE LONDON ","2011-12-05 20:03:00"
"VINTAGE SEASIDE JIGSAW PUZZLES","2011-11-08 08:37:00"
"MINI JIGSAW CIRCUS PARADE ","2011-12-01 14:10:00"
"MINI JIGSAW SPACEBOY","2011-12-08 13:15:00"
"MINI PAINT SET VINTAGE ","2011-12-08 09:57:00"
POSTAGE,"2011-12-08 15:22:00"
"PAPER CHAIN KIT 50'S CHRISTMAS ","2011-11-08 15:25:00"
"EDWARDIAN PARASOL RED","2011-12-07 10:04:00"
"RETRO COFFEE MUGS ASSORTED","2011-12-05 18:55:00"
"SAVE THE PLANET MUG","2011-12-06 14:08:00"
"VINTAGE BILLBOARD DRINK ME MUG","2011-12-08 11:08:00"
"VINTAGE BILLBOARD LOVE/HATE MUG","2011-12-05 20:13:00"
"WOOD 2 DRAWER CABINET WHITE FINISH","2011-12-08 16:36:00"
"WOOD S/3 CABINET ANT WHITE FINISH","2011-12-08 16:36:00"
"WOODEN PICTURE FRAME WHITE FINISH","2011-12-08 16:54:00"
"WOODEN FRAME ANTIQUE WHITE ","2011-12-08 16:54:00"
"VICTORIAN SEWING BOX LARGE","2011-11-01 10:04:00"
"HOT WATER BOTTLE TEA AND SYMPATHY","2011-08-09 11:46:00"
"RED HANGING HEART T-LIGHT HOLDER","2011-12-07 17:23:00"
"JUMBO BAG PINK POLKADOT","2011-12-08 09:11:00"
"JUMBO  BAG BAROQUE BLACK WHITE","2011-12-08 16:54:00"
"JUMBO BAG CHARLIE AND LOLA TOYS","2011-12-07 11:28:00"
"STRAWBERRY CHARLOTTE BAG","2011-12-08 13:40:00"
"RED 3 PIECE RETROSPOT CUTLERY SET","2011-12-01 13:30:00"
"BLUE 3 PIECE POLKADOT CUTLERY SET","2011-12-05 10:15:00"
"SET/6 RED SPOTTY PAPER PLATES","2011-12-07 13:31:00"
"LUNCH BAG RED RETROSPOT","2011-12-08 14:19:00"
"STRAWBERRY LUNCH BOX WITH CUTLERY","2011-12-08 15:22:00"
"LUNCH BOX WITH CUTLERY RETROSPOT ","2011-12-08 15:22:00"
"PACK OF 72 RETROSPOT CAKE CASES","2011-12-08 12:42:00"
"PACK OF 60 DINOSAUR CAKE CASES","2011-12-08 11:07:00"
"PACK OF 60 PINK PAISLEY CAKE CASES","2011-12-08 11:07:00"
"60 TEATIME FAIRY CAKE CASES","2011-12-08 11:07:00"
"TOMATO CHARLIE+LOLA COASTER SET","2011-12-08 11:22:00"
"CHARLIE & LOLA WASTEPAPER BIN FLORA","2011-12-05 18:49:00"
"RED CHARLIE+LOLA PERSONAL DOORSIGN","2011-12-05 10:18:00"
"JUMBO STORAGE BAG SUKI","2011-12-08 14:32:00"
"JUMBO BAG PINK VINTAGE PAISLEY","2011-12-08 11:07:00"
"JAM MAKING SET PRINTED","2011-12-08 16:10:00"
"RETROSPOT TEA SET CERAMIC 11 PC ","2011-12-08 09:57:00"
"GIRLY PINK TOOL SET","2010-01-12 09:41:00"
"JUMBO SHOPPER VINTAGE RED PAISLEY","2011-12-08 14:32:00"
"AIRLINE LOUNGE,METAL SIGN","2011-12-07 14:57:00"
"WHITE SPOT RED CERAMIC DRAWER KNOB","2011-12-08 11:08:00"
"RED DRAWER KNOB ACRYLIC EDWARDIAN","2011-12-08 14:12:00"
"CLEAR DRAWER KNOB ACRYLIC EDWARDIAN","2011-12-06 12:00:00"
"PHOTO CLIP LINE","2011-11-01 13:26:00"
"FELT EGG COSY CHICKEN","2011-12-04 16:19:00"
"PIGGY BANK RETROSPOT ","2011-12-06 13:04:00"
"SKULL SHOULDER BAG","2011-12-07 11:28:00"
"YOU'RE CONFUSING ME METAL SIGN ","2011-12-05 12:57:00"
"COOK WITH WINE METAL SIGN ","2011-12-06 15:14:00"
"GIN + TONIC DIET METAL SIGN","2011-12-08 14:47:00"
"YELLOW BREAKFAST CUP AND SAUCER","2011-12-05 18:49:00"
"PINK BREAKFAST CUP AND SAUCER ","2011-10-01 09:11:00"
"PAPER CHAIN KIT RETROSPOT","2011-12-06 12:50:00"
"SMALL HEART FLOWERS HOOK ","2011-12-05 10:53:00"
"TEA TIME DES TEA COSY","2011-11-05 08:32:00"
"FELT EGG COSY WHITE RABBIT ","2011-12-04 16:19:00"
"ZINC WILLIE WINKIE  CANDLE STICK","2011-12-05 13:58:00"
"CERAMIC CHERRY CAKE MONEY BANK","2011-12-06 13:04:00"
"RETROSPOT LARGE MILK JUG","2011-12-06 13:17:00"
"SET OF 6 FUNKY BEAKERS","2011-12-05 12:05:00"
"EDWARDIAN PARASOL BLACK","2011-12-07 10:04:00"
"EDWARDIAN PARASOL NATURAL","2011-12-07 12:07:00"
"CERAMIC STRAWBERRY CAKE MONEY BANK","2011-12-06 12:01:00"
"BLUE OWL SOFT TOY","2011-12-07 11:37:00"
"BALLOON ART MAKE YOUR OWN FLOWERS","2011-12-04 10:05:00"
"GLASS CLOCHE SMALL","2011-12-08 16:54:00"
"GUMBALL MONOCHROME COAT RACK","2011-10-04 11:11:00"
"DOORMAT FANCY FONT HOME SWEET HOME","2011-12-08 12:42:00"
"VINTAGE SNAKES & LADDERS","2011-12-08 09:57:00"
"CHOCOLATE CALCULATOR","2011-12-05 20:13:00"
"RECYCLING BAG RETROSPOT ","2011-12-08 09:11:00"
"TOY TIDY PINK POLKADOT","2011-12-08 12:42:00"
"ANTIQUE GLASS DRESSING TABLE POT","2011-12-07 09:10:00"
"IVORY GIANT GARDEN THERMOMETER","2011-12-04 14:17:00"
"3 TIER CAKE TIN GREEN AND CREAM","2011-12-01 11:52:00"
"3 TIER CAKE TIN RED AND CREAM","2011-12-01 11:52:00"
"SET 3 WICKER OVAL BASKETS W LIDS","2011-11-01 12:56:00"
"WOOD BLACK BOARD ANT WHITE FINISH","2011-12-08 16:36:00"
"COLOUR GLASS T-LIGHT HOLDER HANGING","2011-12-07 16:37:00"
"HANGING METAL HEART LANTERN","2011-12-08 14:25:00"
"HANGING MEDINA LANTERN SMALL","2011-11-01 14:50:00"
"NATURAL SLATE HEART CHALKBOARD ","2011-12-07 16:37:00"
"HEART OF WICKER SMALL","2011-12-08 14:33:00"
"HEART OF WICKER LARGE","2011-12-08 16:36:00"
"WHITE LOVEBIRD LANTERN","2011-12-08 14:25:00"
"CLASSIC METAL BIRDCAGE PLANT HOLDER","2011-12-08 10:13:00"
"CREAM HEART CARD HOLDER","2011-12-06 11:41:00"
"ENAMEL FLOWER JUG CREAM","2011-12-08 11:22:00"
"ENAMEL FIRE BUCKET CREAM","2011-12-08 11:22:00"
"ENAMEL BREAD BIN CREAM","2011-12-08 16:36:00"
"JUMBO BAG DOLLY GIRL DESIGN","2011-12-07 14:48:00"
"TRADITIONAL CHRISTMAS RIBBONS","2011-12-08 16:07:00"
"ORGANISER WOOD ANTIQUE WHITE ","2011-12-04 11:58:00"
"LUNCH BAG DOLLY GIRL DESIGN","2011-12-08 14:50:00"
"WHITE WIRE EGG HOLDER","2011-12-08 09:57:00"
"JUMBO BAG RED RETROSPOT","2011-12-08 11:48:00"
"CHILLI LIGHTS","2011-12-08 12:16:00"
"LIGHT GARLAND BUTTERFILES PINK","2011-12-08 13:40:00"
"WOODEN OWLS LIGHT GARLAND ","2011-12-08 13:40:00"
"FAIRY TALE COTTAGE NIGHTLIGHT","2011-12-06 10:47:00"
"HOME SMALL WOOD LETTERS","2011-12-06 14:15:00"
"GINGHAM HEART  DOORSTOP RED","2011-12-01 09:33:00"
"FIVE HEART HANGING DECORATION","2011-11-05 14:25:00"
"ASSORTED BOTTLE TOP  MAGNETS ","2011-12-05 13:58:00"
"FRIDGE MAGNETS US DINER ASSORTED","2011-12-05 12:49:00"
"HOMEMADE JAM SCENTED CANDLES","2011-12-08 14:50:00"
"FRIDGE MAGNETS LES ENFANTS ASSORTED","2011-12-07 11:16:00"
"ROSE CARAVAN DOORSTOP","2011-12-08 09:57:00"
"5 HOOK HANGER MAGIC TOADSTOOL","2011-08-02 14:06:00"
"CHRISTMAS LIGHTS 10 REINDEER","2011-12-08 09:57:00"
"VINTAGE UNION JACK CUSHION COVER","2011-12-01 15:00:00"
"SET OF 3 COLOURED  FLYING DUCKS","2011-12-01 11:51:00"
"SET OF 3 GOLD FLYING DUCKS","2011-12-08 14:19:00"
"RED RETROSPOT UMBRELLA","2011-12-05 20:03:00"
"BLACK/BLUE POLKADOT UMBRELLA","2011-12-07 10:02:00"
"RED DINER WALL CLOCK","2011-12-08 11:22:00"
"BLUE DINER WALL CLOCK","2011-12-08 11:22:00"
"IVORY DINER WALL CLOCK","2011-12-07 12:24:00"
"LARGE HEART MEASURING SPOONS","2011-12-05 14:46:00"
"SMALL HEART MEASURING SPOONS","2011-12-06 14:57:00"
"JAM JAR WITH PINK LID","2011-12-05 09:54:00"
"JAM JAR WITH GREEN LID","2011-12-08 09:14:00"
"ROSE COTTAGE KEEPSAKE BOX ","2011-12-05 10:15:00"
"HANGING HEART ZINC T-LIGHT HOLDER","2011-12-07 11:55:00"
"PAPER CHAIN KIT VINTAGE CHRISTMAS","2011-11-08 17:02:00"
"DISCO BALL CHRISTMAS DECORATION","2011-12-05 10:53:00"
"SMALL POPCORN HOLDER","2011-12-08 12:16:00"
"LARGE POPCORN HOLDER ","2011-09-01 15:35:00"
"SET/20 RED RETROSPOT PAPER NAPKINS ","2011-12-08 12:37:00"
"SET/6 RED SPOTTY PAPER CUPS","2011-12-07 13:31:00"
"POLKADOT RAIN HAT ","2011-12-06 11:17:00"
"DELUXE SEWING KIT ","2011-12-07 17:23:00"
"RETROSPOT HEART HOT WATER BOTTLE","2011-12-08 09:14:00"
"ENGLISH ROSE HOT WATER BOTTLE","2011-12-08 09:14:00"
"PHOTO CUBE","2011-11-04 13:41:00"
"3 STRIPEY MICE FELTCRAFT","2011-12-06 13:17:00"
"SET OF 6 SOLDIER SKITTLES","2011-12-07 13:16:00"
"TRADITIONAL WOODEN SKIPPING ROPE","2011-12-05 20:13:00"
"WOODEN BOX OF DOMINOES","2011-12-06 12:50:00"
"RUSTIC  SEVENTEEN DRAWER SIDEBOARD","2011-12-01 13:52:00"
"PARTY CONES CARNIVAL ASSORTED","2011-09-03 12:35:00"
"PARTY CONES CANDY ASSORTED","2011-12-08 11:22:00"
"PICNIC BASKET WICKER SMALL","2011-12-05 18:55:00"
"STAR DECORATION PAINTED ZINC ","2011-08-09 12:01:00"
"RETROSPOT LAMP","2011-12-05 20:03:00"
"FANCY FONT BIRTHDAY CARD, ","2011-12-05 16:52:00"
"HAND WARMER SCOTTY DOG DESIGN","2011-08-09 12:05:00"
"HAND WARMER OWL DESIGN","2011-12-06 14:57:00"
"HAND WARMER RED RETROSPOT","2011-12-04 16:28:00"
"DOG BOWL CHASING BALL DESIGN","2011-11-07 11:58:00"
"CLOTHES PEGS RETROSPOT PACK 24 ","2011-12-05 20:13:00"
"HAND OVER THE CHOCOLATE   SIGN ","2011-12-06 11:47:00"
"TRAVEL SEWING KIT","2011-12-07 17:21:00"
"BLACK HEART CARD HOLDER","2011-12-06 13:51:00"
"CHICK GREY HOT WATER BOTTLE","2011-12-01 14:57:00"
"SMALL GLASS HEART TRINKET POT","2011-12-08 09:57:00"
"ALARM CLOCK BAKELIKE IVORY","2011-12-07 13:16:00"
"ALARM CLOCK BAKELIKE ORANGE","2011-12-08 09:14:00"
"HAND WARMER BIRD DESIGN","2011-10-04 15:32:00"
"IVORY EMBROIDERED QUILT ","2011-08-04 10:32:00"
"SET OF 3 BLACK FLYING DUCKS","2011-11-02 11:38:00"
"PACK OF 12 RED RETROSPOT TISSUES ","2011-12-07 14:48:00"
"RED RETROSPOT MUG","2011-11-08 13:39:00"
"BABUSHKA LIGHTS STRING OF 10","2011-11-05 09:35:00"
"DOORMAT FAIRY CAKE","2011-12-07 10:04:00"
"STRAWBERRY CERAMIC TRINKET BOX","2011-12-07 10:04:00"
"PINK DOUGHNUT TRINKET POT ","2011-12-05 12:57:00"
"SILK PURSE BABUSHKA PINK","2011-11-02 12:45:00"
"HOT WATER BOTTLE I AM SO POORLY","2011-12-08 09:14:00"
"CHOCOLATE HOT WATER BOTTLE","2011-12-08 14:32:00"
"WHITE SKULL HOT WATER BOTTLE ","2011-12-07 11:37:00"
"SCOTTIE DOG HOT WATER BOTTLE","2011-12-08 14:32:00"
"BIRD HOUSE HOT WATER BOTTLE","2011-11-08 11:45:00"
"BOUDOIR SQUARE TISSUE BOX","2011-12-08 12:15:00"
"SKULLS SQUARE TISSUE BOX","2011-11-07 10:33:00"
"PHOTO FRAME CORNICE","2011-12-07 11:55:00"
"SILK PURSE BABUSHKA RED","2011-09-01 11:27:00"
"PICTURE DOMINOES","2011-12-06 13:17:00"
"S/6 SEW ON CROCHET FLOWERS","2011-10-01 15:51:00"
"SCANDINAVIAN REDS RIBBONS","2011-12-08 16:07:00"
"BALLOONS  WRITING SET ","2011-12-01 16:57:00"
"LAVENDER INCENSE IN TIN","2011-12-05 12:01:00"
"TV DINNER TRAY VINTAGE PAISLEY","2011-11-01 13:26:00"
"SET OF 4 ENGLISH ROSE PLACEMATS","2011-12-07 15:29:00"
"SET OF 4 ENGLISH ROSE COASTERS","2011-12-07 15:29:00"
"TRIPLE PHOTO FRAME CORNICE ","2011-12-07 12:24:00"
"FAMILY PHOTO FRAME CORNICE","2011-12-07 12:24:00"
"MIRRORED DISCO BALL ","2011-12-08 16:36:00"
"DISCO BALL ROTATOR BATTERY OPERATED","2011-12-01 13:40:00"
"SILVER LOOKING MIRROR","2011-01-03 17:28:00"
"LADIES & GENTLEMEN METAL SIGN","2011-12-05 20:13:00"
"METAL SIGN HER DINNER IS SERVED ","2011-12-06 15:14:00"
"DOORMAT TOPIARY","2011-12-05 12:34:00"
"BATHROOM METAL SIGN","2011-12-08 16:36:00"
"KITCHEN METAL SIGN","2011-12-08 16:36:00"
"TOILET METAL SIGN","2011-12-08 16:36:00"
"METAL SIGN TAKE IT OR LEAVE IT ","2011-12-08 14:47:00"
"I'M ON HOLIDAY METAL SIGN","2011-12-08 14:47:00"
"GROW YOUR OWN BASIL IN ENAMEL MUG","2011-12-06 12:00:00"
"SET/10 PINK POLKADOT PARTY CANDLES","2011-12-08 11:07:00"
"SET 20 NAPKINS FAIRY CAKES DESIGN ","2011-12-07 17:23:00"
"SET OF 6 T-LIGHTS SNOWMEN","2011-11-08 14:34:00"
"SET OF 6 T-LIGHTS SANTA","2011-11-08 14:34:00"
"SET OF 9 HEART SHAPED BALLOONS","2011-12-06 15:14:00"
"SANDWICH BATH SPONGE","2011-11-02 15:56:00"
"APPLE BATH SPONGE","2011-12-04 12:47:00"
"STRAWBERRY BATH SPONGE ","2011-11-08 12:00:00"
"BLACK PIRATE TREASURE CHEST","2011-12-06 13:17:00"
"STAR PORTABLE TABLE LIGHT ","2011-12-04 16:28:00"
"SNOWFLAKE PORTABLE TABLE LIGHT ","2011-06-07 12:26:00"
"PINK OVAL JEWELLED MIRROR","2011-04-02 14:08:00"
"RETROSPOT CIGAR BOX MATCHES ","2011-11-08 13:34:00"
"COSY HOUR GIANT TUBE MATCHES","2010-12-12 11:46:00"
"JAZZ HEARTS PURSE NOTEBOOK","2011-12-07 11:55:00"
"CANDLEHOLDER PINK HANGING HEART","2011-12-07 14:48:00"
"ASSORTED COLOUR MINI CASES","2011-12-08 15:22:00"
"LUNCH BAG SPACEBOY DESIGN ","2011-12-08 09:10:00"
"LUNCH BAG WOODLAND","2011-12-08 14:50:00"
"LUNCH BAG PINK POLKADOT","2011-12-08 14:50:00"
"GUMBALL COAT RACK","2011-12-08 15:22:00"
"BLUE NEW BAROQUE CANDLESTICK CANDLE","2011-12-05 18:13:00"
"PINK NEW BAROQUECANDLESTICK CANDLE","2011-12-05 18:13:00"
"FAIRY CAKE FLANNEL ASSORTED COLOUR","2011-11-01 13:31:00"
"BREAD BIN DINER STYLE PINK","2011-12-07 09:54:00"
"TEA TIME TABLE CLOTH","2011-10-01 10:58:00"
"HOT WATER BOTTLE BABUSHKA ","2011-12-01 15:06:00"
"HEART IVORY TRELLIS SMALL","2011-12-08 10:13:00"
"PINK DRAWER KNOB ACRYLIC EDWARDIAN","2011-12-05 09:09:00"
"GREEN DRAWER KNOB ACRYLIC EDWARDIAN","2011-12-08 12:44:00"
"BLUE DRAWER KNOB ACRYLIC EDWARDIAN","2011-12-08 14:12:00"
"SET 6 FOOTBALL CELEBRATION CANDLES","2011-11-01 09:12:00"
"SET OF 6 GIRLS CELEBRATION CANDLES","2011-11-07 12:49:00"
"ROMANTIC PINKS RIBBONS ","2011-12-06 14:57:00"
"BRIGHT BLUES RIBBONS ","2011-12-06 14:57:00"
"CHOCOLATE BOX RIBBONS ","2011-12-06 14:57:00"
"PARTY INVITES FOOTBALL","2011-10-05 12:55:00"
"PARTY INVITES JAZZ HEARTS","2011-12-06 13:17:00"
"PARTY INVITES SPACEMAN","2011-12-06 13:17:00"
"SET OF 3 BUTTERFLY COOKIE CUTTERS","2011-12-08 12:46:00"
"SET OF 3 HEART COOKIE CUTTERS","2011-12-07 15:42:00"
"3 PIECE SPACEBOY COOKIE CUTTER SET","2011-12-08 09:57:00"
"PACK OF 72 SKULL CAKE CASES","2011-12-06 14:57:00"
"PACK OF 60 SPACEBOY CAKE CASES","2011-12-08 11:07:00"
"72 SWEETHEART FAIRY CAKE CASES","2011-12-06 14:57:00"
"LUNCH BAG SUKI  DESIGN ","2011-11-02 15:39:00"
"LUNCH BAG CARS BLUE","2011-12-08 13:40:00"
"LUNCH BAG  BLACK SKULL.","2011-12-08 14:50:00"
"HEART IVORY TRELLIS LARGE","2011-12-08 10:13:00"
"SET/5 RED RETROSPOT LID GLASS BOWLS","2011-12-08 11:08:00"
"MAGIC DRAWING SLATE DINOSAUR","2011-12-07 10:47:00"
"MAGIC DRAWING SLATE BAKE A CAKE ","2011-12-05 20:13:00"
"12 PENCILS TALL TUBE SKULLS","2011-12-08 14:50:00"
"RED  HARMONICA IN BOX ","2011-12-07 10:25:00"
"BLUE HARMONICA IN BOX ","2011-12-06 09:56:00"
"SKULLS  WATER TRANSFER TATTOOS ","2011-12-07 10:47:00"
"PACK 3 BOXES BIRD PANNETONE ","2011-12-05 09:54:00"
"SET OF 20 KIDS COOKIE CUTTERS","2011-12-08 12:37:00"
"10 COLOUR SPACEBOY PEN","2011-12-08 11:09:00"
"VICTORIAN GLASS HANGING T-LIGHT","2011-12-08 14:25:00"
"SINGLE HEART ZINC T-LIGHT HOLDER","2011-12-06 14:48:00"
"HANGING METAL STAR LANTERN","2011-12-08 14:25:00"
"SILVER HANGING T-LIGHT HOLDER","2011-12-06 13:12:00"
"DOORMAT RED RETROSPOT","2011-12-06 13:12:00"
"DOORMAT HEARTS","2011-12-07 10:02:00"
"NATURAL SLATE RECTANGLE CHALKBOARD","2011-12-07 11:37:00"
"LOVEBIRD HANGING DECORATION WHITE ","2011-12-06 14:48:00"
"PENS ASSORTED FUNNY FACE","2011-12-07 10:54:00"
"CARD CIRCUS PARADE","2011-12-07 14:26:00"
"WRAP COWBOYS  ","2011-12-05 09:55:00"
"AIRLINE BAG VINTAGE TOKYO 78","2011-12-08 15:00:00"
"SET OF 72 RETROSPOT PAPER  DOILIES","2011-12-06 10:47:00"
"PLASTERS IN TIN SKULLS","2011-12-05 16:45:00"
"SLEEPING CAT ERASERS","2011-12-07 13:16:00"
"CARD BIRTHDAY COWBOY","2011-12-07 14:17:00"
"PACK 3 BOXES CHRISTMAS PANNETONE","2011-10-08 12:24:00"
"ROTATING SILVER ANGELS T-LIGHT HLDR","2011-12-08 09:57:00"
"RIBBON REEL MAKING SNOWMEN ","2011-07-07 12:29:00"
"4 TRADITIONAL SPINNING TOPS","2011-12-06 13:17:00"
"BAG 500g SWIRLY MARBLES","2011-11-02 10:06:00"
"5 STRAND GLASS NECKLACE CRYSTAL","2010-01-12 11:45:00"
"SQUARECUSHION COVER PINK UNION FLAG","2011-10-01 09:11:00"
"SPACEBOY CHILDRENS EGG CUP","2011-12-06 13:17:00"
"CHILDREN'S SPACEBOY MUG","2011-12-07 08:52:00"
"FELTCRAFT CUSHION OWL","2011-12-05 10:45:00"
"BLACK CANDELABRA T-LIGHT HOLDER","2011-11-04 13:22:00"
"TOY TIDY DOLLY GIRL DESIGN","2011-12-07 09:54:00"
"SET 12 LAVENDER  BOTANICAL T-LIGHTS","2011-12-01 15:25:00"
"UNION JACK FLAG LUGGAGE TAG","2011-12-05 16:52:00"
"RED HEART LUGGAGE TAG","2011-12-05 19:01:00"
"RED GLASS TASSLE BAG CHARM","2010-01-12 11:45:00"
"CLEAR ACRYLIC FACETED BANGLE","2010-05-12 10:54:00"
"DOORMAT UNION JACK GUNS AND ROSES","2011-12-06 13:21:00"
"VANILLA SCENT CANDLE JEWELLED BOX","2011-12-07 14:26:00"
"FULL ENGLISH BREAKFAST PLATE","2011-12-05 18:55:00"
"MAGIC DRAWING SLATE CIRCUS PARADE  ","2011-12-07 10:47:00"
"CHRISTMAS HANGING HEART WITH BELL","2011-12-01 13:40:00"
"CAKE STAND VICTORIAN FILIGREE MED","2011-12-05 20:13:00"
"PAISLEY PATTERN  STICKERS","2011-11-07 15:26:00"
"FLOWERS  STICKERS","2011-11-01 12:41:00"
"BLACK LOVE BIRD CANDLE","2011-10-01 13:22:00"
"PARTY TIME PENCIL ERASERS","2011-12-05 09:40:00"
"PINK B'FLY C/COVER W BOBBLES","2011-08-03 08:52:00"
"PINK UNION JACK  LUGGAGE TAG","2011-12-04 15:23:00"
"6 RIBBONS ELEGANT CHRISTMAS ","2011-12-08 14:02:00"
"AGED GLASS SILVER T-LIGHT HOLDER","2011-12-07 15:29:00"
"BOOM BOX SPEAKER GIRLS","2011-12-05 13:10:00"
"6 RIBBONS SHIMMERING PINKS ","2011-11-04 08:16:00"
"JUMBO BAG OWLS","2011-12-08 14:47:00"
"OWL DOORSTOP","2011-12-05 16:29:00"
"PAINTED METAL STAR WITH HOLLY BELLS","2011-06-07 11:52:00"
"PAINTED METAL HEART WITH HOLLY BELL","2011-06-07 11:52:00"
"ANGEL DECORATION STARS ON DRESS","2011-11-08 17:35:00"
"JUMBO BAG STRAWBERRY","2011-12-06 13:51:00"
"STRAWBERRY SHOPPER BAG","2011-12-08 14:32:00"
"ROUND SNACK BOXES SET OF 4 FRUITS ","2011-12-08 15:22:00"
"ROUND SNACK BOXES SET OF 4 SKULLS","2011-12-07 13:31:00"
"DOLLY GIRL LUNCH BOX","2011-12-08 09:57:00"
"GREEN POLKADOT PLATE ","2011-12-08 11:48:00"
"BLUE POLKADOT PLATE ","2011-12-08 11:48:00"
"RED RETROSPOT PLATE ","2011-12-07 15:49:00"
"PINK  POLKADOT PLATE ","2011-12-08 11:48:00"
"FELTCRAFT DOLL MOLLY","2011-12-06 13:17:00"
"FELTCRAFT CHRISTMAS FAIRY","2011-08-09 12:05:00"
"SET OF 3 NOTEBOOKS IN PARCEL","2011-12-06 13:59:00"
"RED RETROSPOT TAPE","2011-11-01 09:12:00"
"COSY SLIPPER SHOES SMALL  RED ","2011-11-01 12:55:00"
"6 RIBBONS RUSTIC CHARM","2011-12-08 13:15:00"
"12 DAISY PEGS IN WOOD BOX","2011-12-05 09:59:00"
"5 HOOK HANGER RED MAGIC TOADSTOOL","2011-12-06 14:15:00"
"CHRISTMAS CRAFT TREE TOP ANGEL","2011-12-08 16:07:00"
"CHRISTMAS CRAFT LITTLE FRIENDS","2011-12-08 16:07:00"
"COSY SLIPPER SHOES SMALL GREEN","2011-05-09 11:31:00"
"FELTCRAFT DOLL ROSIE","2011-12-06 12:50:00"
"FELTCRAFT DOLL EMILY","2011-12-06 13:17:00"
"FELTCRAFT PRINCESS OLIVIA DOLL","2011-12-06 13:17:00"
"REX CASH+CARRY JUMBO SHOPPER","2011-12-07 11:16:00"
"FELTCRAFT CUSHION RABBIT","2011-12-06 14:08:00"
"FELTCRAFT CUSHION BUTTERFLY","2011-12-06 12:50:00"
"TOTE BAG I LOVE LONDON","2011-10-08 11:24:00"
"FOLDING UMBRELLA PINKWHITE POLKADOT","2011-12-04 12:16:00"
"FOLDING UMBRELLA CREAM POLKADOT","2011-10-02 17:19:00"
"FOLDING UMBRELLA WHITE/RED POLKADOT","2011-11-08 13:34:00"
"SET 10 LIGHTS NIGHT OWL","2011-12-05 14:46:00"
"FOLDING UMBRELLA RED/WHITE POLKADOT","2011-12-05 19:01:00"
"S/4 VALENTINE DECOUPAGE HEART BOX","2011-12-05 20:13:00"
"SOLDIERS EGG CUP ","2011-12-01 13:27:00"
"RED RETROSPOT MINI CASES","2011-12-08 15:22:00"
"60 CAKE CASES VINTAGE CHRISTMAS","2011-12-05 20:13:00"
"RIBBON REEL CHRISTMAS SOCK BAUBLE","2011-08-04 09:08:00"
"RIBBON REEL SNOWY VILLAGE","2011-08-03 12:49:00"
"SET OF 20 VINTAGE CHRISTMAS NAPKINS","2011-11-08 16:54:00"
"TURQUOISE CHRISTMAS TREE ","2010-10-12 11:39:00"
"RED STAR CARD HOLDER","2011-05-09 15:26:00"
"WICKER WREATH SMALL","2011-11-08 13:34:00"
"ADVENT CALENDAR GINGHAM SACK","2011-06-07 11:52:00"
"FELTCRAFT BUTTERFLY HEARTS","2011-12-07 11:37:00"
"PARTY CONE CHRISTMAS DECORATION ","2011-12-08 16:54:00"
"WICKER STAR ","2011-12-06 15:31:00"
"VINTAGE SNAP CARDS","2011-12-08 12:37:00"
"FELTCRAFT 6 FLOWER FRIENDS","2011-12-08 11:09:00"
"BIRD DECORATION RED RETROSPOT","2011-12-04 16:43:00"
"CHRISTMAS GINGHAM TREE","2011-11-08 16:12:00"
"CHRISTMAS GINGHAM STAR","2011-12-05 19:01:00"
"CHRISTMAS GINGHAM HEART","2011-12-01 15:22:00"
"PACK OF 12 PINK POLKADOT TISSUES","2011-12-05 20:13:00"
"FELTCRAFT PRINCESS LOLA DOLL","2011-12-06 13:17:00"
"PACK OF 12 LONDON TISSUES ","2011-12-08 16:07:00"
"PURPLE DRAWERKNOB ACRYLIC EDWARDIAN","2011-12-08 14:12:00"
"CHILDREN'S APRON DOLLY GIRL ","2011-12-08 11:09:00"
"CHILDRENS APRON SPACEBOY DESIGN","2011-12-08 11:09:00"
"CHRISTMAS LIGHTS 10 SANTAS ","2011-06-09 12:48:00"
"PACK OF 60 MUSHROOM CAKE CASES","2011-12-06 14:57:00"
"60 CAKE CASES DOLLY GIRL DESIGN","2011-12-06 14:57:00"
"HAND WARMER BABUSHKA DESIGN","2011-12-06 14:57:00"
"SET 12 RETRO WHITE CHALK STICKS","2011-12-08 11:07:00"
"FELTCRAFT HAIRBAND RED AND BLUE","2011-12-05 10:53:00"
"FELTCRAFT HAIRBAND PINK AND PURPLE","2011-12-06 13:17:00"
"FELTCRAFT HAIRBANDS PINK AND WHITE ","2011-12-06 13:17:00"
"TV DINNER TRAY DOLLY GIRL","2011-11-03 11:35:00"
"PLASTERS IN TIN VINTAGE PAISLEY ","2011-12-07 15:29:00"
"PLASTERS IN TIN SPACEBOY","2011-12-08 11:09:00"
"PLASTERS IN TIN WOODLAND ANIMALS","2011-12-06 12:50:00"
"MAGIC DRAWING SLATE SPACEBOY ","2011-12-07 10:47:00"
"MAGIC DRAWING SLATE GO TO THE FAIR ","2011-12-05 20:13:00"
"MAGIC DRAWING SLATE DOLLY GIRL ","2011-12-05 20:13:00"
"CHARLIE + LOLA RED HOT WATER BOTTLE","2011-11-07 15:26:00"
"URBAN BLACK RIBBONS ","2011-12-06 14:57:00"
"SET OF 6 T-LIGHTS TOADSTOOLS","2011-12-08 09:57:00"
"ROTATING LEAVES T-LIGHT HOLDER","2011-12-04 12:47:00"
"CUPCAKE LACE PAPER SET 6","2011-12-08 09:57:00"
"TRADITIONAL WOODEN CATCH CUP GAME ","2011-12-06 13:17:00"
"S/6 WOODEN SKITTLES IN COTTON BAG","2011-12-01 15:00:00"
"RED METAL BEACH SPADE ","2011-12-07 10:25:00"
"BOYS VINTAGE TIN SEASIDE BUCKET","2011-12-05 20:13:00"
"GIRLS VINTAGE TIN SEASIDE BUCKET","2011-12-05 18:13:00"
"GREY HEART HOT WATER BOTTLE","2011-12-08 09:14:00"
"KINGS CHOICE TEA CADDY ","2011-12-06 12:00:00"
"KINGS CHOICE BISCUIT TIN","2011-12-04 11:43:00"
"METAL SIGN EMPIRE TEA","2011-12-06 12:00:00"
"FAWN BLUE HOT WATER BOTTLE","2011-12-08 09:57:00"
"PACK OF 6 BIRDY GIFT TAGS","2011-12-05 18:49:00"
"CERAMIC STRAWBERRY MONEY BOX","2011-12-06 13:04:00"
"CERAMIC HEART FAIRY CAKE MONEY BANK","2011-12-06 12:01:00"
"CERAMIC PIRATE CHEST MONEY BANK","2011-12-06 13:17:00"
"DOORSTOP RETROSPOT HEART","2011-12-07 10:02:00"
"RETROSPOT BABUSHKA DOORSTOP","2011-12-01 12:43:00"
"SWEETHEART WIRE WALL TIDY","2011-12-07 14:48:00"
"RED RETROSPOT OVEN GLOVE ","2011-12-07 14:48:00"
"NAMASTE SWAGAT INCENSE","2011-11-01 09:58:00"
"CERAMIC STRAWBERRY DESIGN MUG","2011-12-07 10:04:00"
"CLASSICAL ROSE SMALL VASE","2011-04-02 10:31:00"
"HYACINTH BULB T-LIGHT CANDLES","2011-10-08 15:29:00"
"CHRISTMAS CRAFT WHITE FAIRY ","2011-11-08 14:34:00"
"COSY HOUR CIGAR BOX MATCHES ","2011-12-06 11:47:00"
"RED TEA TOWEL CLASSIC DESIGN","2011-12-05 18:49:00"
"HEART FILIGREE DOVE  SMALL","2011-12-07 14:48:00"
"RETROSPOT CHILDRENS APRON","2011-12-05 11:50:00"
"COLOURING PENCILS BROWN TUBE","2011-12-07 10:47:00"
"4 IVORY DINNER CANDLES SILVER FLOCK","2011-11-04 13:41:00"
"ZINC METAL HEART DECORATION","2011-12-08 12:44:00"
"GREEN FERN NOTEBOOK","2011-10-07 11:34:00"
"BLUE PAISLEY NOTEBOOK","2011-10-07 11:34:00"
"CHRYSANTHEMUM NOTEBOOK","2011-08-08 13:53:00"
"LARGE CHINESE STYLE SCISSOR","2011-12-05 16:50:00"
"SMALL CHINESE STYLE SCISSOR","2011-12-05 16:50:00"
"HANGING GLASS ETCHED TEALIGHT","2011-07-02 12:05:00"
"COOKING SET RETROSPOT","2011-09-03 11:05:00"
"KINGS CHOICE GIANT TUBE MATCHES","2011-12-01 15:48:00"
"PLACE SETTING WHITE STAR","2011-12-01 14:43:00"
"S/15 SILVER GLASS BAUBLES IN BAG","2011-04-07 13:35:00"
"FRENCH WC SIGN BLUE METAL","2011-12-08 14:47:00"
"FAIRY SOAP SOAP HOLDER","2011-10-04 16:01:00"
"GREEN GIANT GARDEN THERMOMETER","2011-12-08 11:07:00"
"BLUE GIANT GARDEN THERMOMETER","2011-12-08 11:07:00"
"VICTORIAN SEWING BOX SMALL ","2011-12-06 12:03:00"
"VICTORIAN SEWING BOX MEDIUM","2011-12-07 14:17:00"
"SET/10 RED POLKADOT PARTY CANDLES","2011-12-08 11:07:00"
"WASHROOM METAL SIGN","2011-12-08 14:47:00"
"BLACK SWEETHEART BRACELET","2011-11-05 14:42:00"
"DIAMANTE HAIR GRIP PACK/2 BLACK DIA","2010-01-12 12:23:00"
"BLACK DIAMANTE EXPANDABLE RING","2010-02-12 13:49:00"
"DIAMANTE HAIR GRIP PACK/2 RUBY","2010-01-12 12:23:00"
"DIAMANTE HAIR GRIP PACK/2 MONTANA","2010-01-12 12:23:00"
"BLUE SWEETHEART BRACELET","2011-09-02 13:37:00"
"PINK SWEETHEART BRACELET","2011-11-05 14:42:00"
"PURPLE SWEETHEART BRACELET","2011-11-05 14:42:00"
"RIBBON REEL CHRISTMAS PRESENT ","2011-11-08 13:34:00"
"FIRST AID TIN","2011-12-04 16:28:00"
"MAKE YOUR OWN MONSOON CARD KIT","2011-12-05 12:54:00"
"PACK OF 12 HEARTS DESIGN TISSUES ","2011-12-05 20:13:00"
"HEART FILIGREE DOVE LARGE","2011-12-05 16:29:00"
"SWIRLY CIRCULAR RUBBERS IN BAG","2011-11-01 12:11:00"
"VINTAGE PAISLEY STATIONERY SET","2011-11-04 08:16:00"
"SET/10 BLUE POLKADOT PARTY CANDLES","2011-12-08 11:07:00"
"RIBBON REEL SOCKS AND MITTENS","2011-07-07 12:29:00"
"CHRISTMAS METAL TAGS ASSORTED ","2011-12-08 13:40:00"
"CHRISTMAS TREE T-LIGHT HOLDER","2010-01-12 12:23:00"
"STAR  T-LIGHT HOLDER ","2011-06-01 15:54:00"
"HEART T-LIGHT HOLDER ","2010-12-12 11:06:00"
"MINI FUNKY DESIGN TAPES","2011-11-08 14:53:00"
"STAR WOODEN CHRISTMAS DECORATION","2011-08-09 10:49:00"
"WOODEN HEART CHRISTMAS SCANDINAVIAN","2011-12-08 16:07:00"
"CHRISTMAS RETROSPOT TREE WOOD","2011-11-08 16:12:00"
"SET/9 CHRISTMAS T-LIGHTS SCENTED ","2010-05-12 16:24:00"
"BLUE ROSE FABRIC MIRROR","2011-12-05 19:01:00"
"THREE CANVAS LUGGAGE TAGS","2011-12-05 19:01:00"
"RETROSPOT PARTY BAG + STICKER SET","2011-12-08 11:41:00"
"RETROSPOT SMALL TUBE MATCHES","2011-12-01 11:18:00"
"3D CHRISTMAS STAMPS STICKERS ","2011-11-08 15:25:00"
"36 FOIL HEART CAKE CASES","2011-12-05 16:52:00"
"PACK OF 6 SWEETIE GIFT BOXES","2011-11-08 12:00:00"
"CINAMMON SET OF 9 T-LIGHTS","2011-11-04 16:56:00"
"ORANGE SCENTED SET/9 T-LIGHTS","2011-12-05 11:44:00"
"RIBBON REEL STRIPES DESIGN ","2011-12-05 16:11:00"
"SET OF 2 TINS JARDIN DE PROVENCE","2011-12-06 12:00:00"
"MAKE YOUR OWN PLAYTIME CARD KIT","2011-11-07 15:26:00"
"DINOSAURS  WRITING SET ","2011-12-04 13:01:00"
"SKULLS WRITING SET ","2011-12-04 13:01:00"
"DOORMAT BLACK FLOCK ","2011-12-04 16:30:00"
"CHRISTMAS DECOUPAGE CANDLE","2010-12-12 11:17:00"
"OFFICE MUG WARMER POLKADOT","2011-12-05 16:29:00"
"BLACK RECORD COVER FRAME","2011-12-08 14:47:00"
"RECORD FRAME 7" SINGLE SIZE "","2011-12-08 14:47:00"
"36 PENCILS TUBE RED RETROSPOT","2011-12-05 16:29:00"
"36 PENCILS TUBE WOODLAND","2011-12-05 16:29:00"
"ROCKING HORSE RED CHRISTMAS ","2011-12-01 13:30:00"
"REGENCY CAKESTAND 3 TIER","2011-12-08 12:37:00"
"VINTAGE UNION JACK BUNTING","2011-12-08 11:22:00"
"RETRO LONGBOARD IRONING BOARD COVER","2011-12-07 17:09:00"
"3D DOG PICTURE PLAYING CARDS","2011-12-01 16:57:00"
"SAVE THE PLANET COTTON TOTE BAG","2011-12-07 10:02:00"
"PAPER BUNTING WHITE LACE","2011-12-04 16:17:00"
"GENTLEMAN SHIRT REPAIR KIT ","2011-11-07 12:15:00"
"CARD I LOVE LONDON ","2011-12-06 14:57:00"
"MIRRORED WALL ART FOXY","2010-01-12 12:31:00"
"MIRRORED WALL ART GENTS","2011-10-07 15:17:00"
"AIRLINE BAG VINTAGE JET SET WHITE","2011-09-05 13:28:00"
"POTTING SHED SOW 'N' GROW SET","2010-01-12 12:31:00"
"AIRLINE BAG VINTAGE WORLD CHAMPION ","2011-12-05 16:52:00"
"PINK HEARTS PAPER GARLAND","2011-10-01 14:57:00"
"POTTING SHED SEED ENVELOPES","2011-12-05 09:59:00"
"HI TEC ALPINE HAND WARMER","2011-09-01 12:50:00"
"POLYESTER FILLER PAD 45x45cm","2011-10-07 12:16:00"
"CARD DOLLY GIRL ","2011-12-07 14:17:00"
"CARD BILLBOARD FONT","2011-12-05 10:49:00"
"RAINY LADIES BIRTHDAY CARD","2011-12-07 14:17:00"
"RED WHITE SCARF  HOT WATER BOTTLE","2010-01-12 16:58:00"
"SET OF 2 TEA TOWELS APPLE AND PEARS","2011-12-08 12:46:00"
"LANTERN CREAM GAZEBO ","2011-12-06 11:41:00"
"BLUE BIRDHOUSE DECORATION","2011-11-04 10:14:00"
"ANTIQUE SILVER TEA GLASS ENGRAVED","2011-12-08 14:02:00"
"SET OF 2 WOODEN MARKET CRATES","2011-12-05 20:13:00"
"CLASSIC FRENCH STYLE BASKET NATURAL","2011-12-08 16:36:00"
"CRAZY DAISY HEART DECORATION","2011-11-05 14:25:00"
"CARD HOLDER GINGHAM HEART","2011-10-07 14:42:00"
"SMALL STRIPES CHOCOLATE GIFT BAG ","2011-12-07 14:57:00"
"TRAY, BREAKFAST IN BED","2011-12-06 11:04:00"
"PIZZA PLATE IN BOX","2011-10-01 09:11:00"
"PINK HEART DOTS HOT WATER BOTTLE","2010-05-12 12:13:00"
"PLACE SETTING WHITE HEART","2011-12-07 11:16:00"
"SET OF 4 NAPKIN CHARMS LEAVES   ","2011-11-08 14:16:00"
"SET OF 4 NAPKIN CHARMS STARS   ","2011-04-07 13:35:00"
"SET OF 4 NAPKIN CHARMS CUTLERY","2011-12-04 11:43:00"
"CARAVAN SQUARE TISSUE BOX","2011-11-08 14:39:00"
"BUTTON BOX ","2011-11-08 12:44:00"
"12 MESSAGE CARDS WITH ENVELOPES","2011-12-06 15:14:00"
"SMALL RED BABUSHKA NOTEBOOK ","2011-12-07 14:48:00"
"HERB MARKER MINT","2011-12-05 19:01:00"
"HERB MARKER ROSEMARY","2011-12-07 09:11:00"
"HERB MARKER BASIL","2011-12-07 09:11:00"
"HERB MARKER CHIVES ","2011-12-07 09:11:00"
"HERB MARKER PARSLEY","2011-12-07 09:11:00"
"HERB MARKER THYME","2011-12-07 09:11:00"
"METAL MERRY CHRISTMAS WREATH","2011-10-07 14:42:00"
"WHITE CHRISTMAS GARLAND STARS TREES","2010-07-12 15:15:00"
"RETROSPOT GIANT TUBE MATCHES","2011-11-04 15:03:00"
"36 FOIL STAR CAKE CASES ","2011-12-08 09:57:00"
"PACK OF 6 HANDBAG GIFT BOXES","2011-12-05 15:23:00"
"GARLAND WOODEN HAPPY EASTER","2011-12-04 16:19:00"
"CALENDAR PAPER CUT DESIGN","2011-12-06 13:17:00"
"CALENDAR IN SEASON DESIGN","2011-12-01 09:33:00"
"BLUE PAISLEY TISSUE BOX","2011-12-05 19:01:00"
"PINK PAISLEY SQUARE TISSUE BOX ","2011-12-05 19:01:00"
"TOAST ITS - HAPPY BIRTHDAY","2011-12-01 10:16:00"
"SET/10 IVORY POLKADOT PARTY CANDLES","2011-12-07 14:48:00"
"SKULLS STORAGE BOX SMALL","2011-12-01 13:19:00"
"JUMBO STORAGE BAG SKULLS","2011-12-07 11:28:00"
"GARDEN PATH JOURNAL","2011-10-01 11:38:00"
"BLACK ORANGE SQUEEZER","2011-06-06 14:02:00"
"SET OF 72 GREEN PAPER DOILIES","2011-11-01 12:30:00"
"RETROSPOT RED WASHING UP GLOVES","2011-12-08 11:22:00"
"SMALL LICORICE DES PINK BOWL","2011-12-01 15:22:00"
"SWISS ROLL TOWEL, CHOCOLATE  SPOTS","2011-12-01 15:00:00"
"PICNIC BASKET WICKER LARGE","2011-12-06 12:03:00"
"CREAM SWEETHEART EGG HOLDER","2011-12-05 20:13:00"
"PINK 3 PIECE POLKADOT CUTLERY SET","2011-12-01 13:16:00"
"PINK PARTY BAGS","2011-12-08 11:41:00"
"BLUE PARTY BAGS ","2011-12-08 11:41:00"
"PINK CREAM FELT CRAFT TRINKET BOX ","2011-12-06 13:22:00"
"RED RETROSPOT OVEN GLOVE DOUBLE","2011-12-07 17:09:00"
"RIDGED GLASS STORAGE JAR CREAM LID","2011-09-01 11:12:00"
"PACK OF 20 NAPKINS PANTRY DESIGN","2011-12-08 12:42:00"
"SWEETHEART CAKESTAND 3 TIER","2011-12-05 13:05:00"
"CHRISTMAS HANGING STAR WITH BELL","2011-12-01 12:31:00"
"MULTICOLOUR  CONFETTI IN TUBE","2011-01-08 10:26:00"
"CHOCOLATE 3 WICK MORRIS BOX CANDLE","2011-09-01 10:43:00"
"SET OF 16 VINTAGE PISTACHIO CUTLERY","2011-09-02 10:19:00"
"CHRISTMAS TOILET ROLL","2011-11-08 13:34:00"
"WHITE BELL HONEYCOMB PAPER ","2011-12-07 17:23:00"
" 4 PURPLE FLOCK DINNER CANDLES","2011-08-07 15:25:00"
"PINK & WHITE BREAKFAST TRAY","2011-12-05 18:49:00"
"ENGLISH ROSE SPIRIT LEVEL ","2011-11-08 09:47:00"
"LARGE ROUND WICKER PLATTER ","2011-12-08 16:54:00"
"BLACK TEA TOWEL CLASSIC DESIGN","2011-11-08 13:34:00"
"CHRISTMAS LIGHTS 10 VINTAGE BAUBLES","2011-09-06 12:40:00"
"ROSES REGENCY TEACUP AND SAUCER ","2011-12-08 12:42:00"
"T-LIGHT HOLDER HANGING LACE","2011-12-06 12:00:00"
"HANGING HEART MIRROR DECORATION ","2011-12-07 14:48:00"
"CREAM SLICE FLANNEL CHOCOLATE SPOT ","2011-07-03 08:30:00"
"CREAM SLICE FLANNEL PINK SPOT ","2011-12-04 12:47:00"
"GREEN REGENCY TEACUP AND SAUCER","2011-12-08 12:42:00"
"EIGHT PIECE DINOSAUR SET","2011-11-01 12:11:00"
"HEADS AND TAILS SPORTING FUN","2011-11-05 12:53:00"
"ASS COL SMALL SAND GECKO P'WEIGHT","2011-09-01 12:31:00"
"ENAMEL MEASURING JUG CREAM","2011-12-08 16:36:00"
"12 PENCILS SMALL TUBE SKULL","2011-12-05 10:53:00"
"12 PENCIL SMALL TUBE WOODLAND","2011-12-05 19:01:00"
"BLUE PAPER PARASOL ","2011-12-05 20:03:00"
"VICTORIAN  METAL POSTCARD SPRING","2011-12-05 12:01:00"
"METAL 4 HOOK HANGER FRENCH CHATEAU","2011-12-06 15:14:00"
"BLACK KITCHEN SCALES","2011-12-06 13:12:00"
"RED KITCHEN SCALES","2011-12-08 12:41:00"
"IVORY KITCHEN SCALES","2011-12-08 09:14:00"
"MULTI COLOUR SILVER T-LIGHT HOLDER","2011-12-08 11:29:00"
"3 HOOK HANGER MAGIC GARDEN","2011-12-06 14:15:00"
"ASSORTED COLOUR LIZARD SUCTION HOOK","2011-12-04 16:20:00"
"JUMBO BAG WOODLAND ANIMALS","2011-12-08 11:48:00"
"CHILDREN'S CIRCUS PARADE MUG","2011-12-07 08:52:00"
"PACK 3 FIRE ENGINE/CAR PATCHES","2011-10-01 10:58:00"
"CARD PSYCHEDELIC APPLES","2011-12-07 14:17:00"
"IVORY ENCHANTED FOREST PLACEMAT","2011-12-05 12:05:00"
"PACK OF 6 PANNETONE GIFT BOXES","2011-12-05 15:23:00"
"MEASURING TAPE BABUSHKA RED","2011-10-07 15:12:00"
"RED ENCHANTED FOREST PLACEMAT","2011-12-05 12:05:00"
"CHILDRENS DOLLY GIRL MUG","2011-12-01 10:16:00"
"TOADSTOOL MONEY BOX","2011-12-06 13:17:00"
"MAKE YOUR OWN FLOWERPOWER CARD KIT","2011-12-04 13:10:00"
"PAPER CHAIN KIT LONDON","2011-12-06 12:50:00"
"MEASURING TAPE BABUSHKA BLUE","2011-10-07 15:12:00"
"PENCIL CASE LIFE IS BEAUTIFUL","2011-12-07 17:23:00"
"WOODEN ROUNDERS GARDEN SET ","2011-12-08 13:40:00"
"CHILDS BREAKFAST SET DOLLY GIRL ","2011-12-08 09:57:00"
"CHILDS BREAKFAST SET SPACEBOY ","2011-12-08 09:57:00"
"CAKE PLATE LOVEBIRD WHITE","2011-12-04 14:43:00"
"WOODEN ADVENT CALENDAR RED","2011-12-01 12:31:00"
"GREEN CHRISTMAS TREE CARD HOLDER","2011-09-08 09:04:00"
"STRING OF STARS CARD HOLDER","2011-05-01 13:05:00"
"SET/12 TAPER CANDLES","2011-08-07 15:16:00"
"MINT KITCHEN SCALES","2011-12-01 10:16:00"
"WHITE WOOD GARDEN PLANT LADDER","2011-12-08 16:54:00"
"GLASS JAR ENGLISH CONFECTIONERY","2011-11-02 10:26:00"
"GLASS JAR DIGESTIVE BISCUITS","2011-12-05 20:13:00"
"MILK BOTTLE WITH GLASS STOPPER ","2011-10-01 09:11:00"
"WELCOME  WOODEN BLOCK LETTERS","2011-12-07 14:26:00"
"SET/4 MODERN VINTAGE COTTON NAPKINS","2011-09-03 14:30:00"
"VINTAGE UNION JACK APRON","2011-12-05 16:29:00"
"SWALLOW SQUARE TISSUE BOX","2011-12-05 16:52:00"
"NO JUNK MAIL METAL SIGN","2011-12-08 12:37:00"
"SLATE TILE NATURAL HANGING","2011-12-05 18:55:00"
"VINTAGE GLASS COFFEE CADDY","2011-11-05 13:42:00"
"SILVER GLASS T-LIGHT SET","2010-01-12 13:21:00"
"RIDGED GLASS FINGER BOWL","2011-11-07 15:26:00"
"GLASS  BEURRE DISH","2011-12-07 11:16:00"
"GIN & TONIC DIET GREETING CARD ","2011-12-07 14:17:00"
"BIRTHDAY CARD, RETRO SPOT","2011-12-07 14:17:00"
"WRAP RED APPLES ","2011-11-07 15:28:00"
"RED RETROSPOT WRAP ","2011-12-08 12:41:00"
"WRAP CHRISTMAS SCREEN PRINT","2010-10-12 11:33:00"
"FANCY FONTS BIRTHDAY WRAP","2011-12-05 08:41:00"
"CLASSIC WHITE FRAME","2011-12-01 13:40:00"
"BLACK DINER WALL CLOCK","2011-12-06 11:17:00"
"DOORMAT PEACE ON EARTH BLUE","2011-11-08 11:44:00"
"BOX OF 24 COCKTAIL PARASOLS","2011-12-08 11:07:00"
"GROW YOUR OWN PLANT IN A CAN ","2011-09-02 15:33:00"
"PLASTERS IN TIN CIRCUS PARADE ","2011-12-07 15:29:00"
"PLASTERS IN TIN STRONGMAN","2011-12-07 11:16:00"
"MINI JIGSAW DINOSAUR ","2011-12-01 14:10:00"
"MINI JIGSAW BAKE A CAKE ","2011-12-01 14:10:00"
"MINI JIGSAW DOLLY GIRL","2011-11-05 15:07:00"
"WOODEN SCHOOL COLOURING SET","2011-12-07 15:29:00"
"PACK OF 12 TRADITIONAL CRAYONS","2011-12-08 11:09:00"
"CARD PARTY GAMES ","2011-12-07 14:17:00"
"BOOZE & WOMEN GREETING CARD ","2011-11-01 09:12:00"
"PACK OF 12 SUKI TISSUES ","2011-12-06 12:00:00"
"PACK OF 12 WOODLAND TISSUES ","2011-11-08 15:02:00"
"PACK OF 12 SKULL TISSUES","2011-12-07 13:31:00"
"PACK OF 12 BLUE PAISLEY TISSUES ","2011-11-08 13:34:00"
"PACK OF 12 CIRCUS PARADE TISSUES ","2011-12-05 20:13:00"
"PACK OF 12 SPACEBOY TISSUES","2011-12-05 20:13:00"
"LADS ONLY TISSUE BOX","2011-07-09 14:40:00"
"RED RETROSPOT TISSUE BOX","2011-12-07 13:32:00"
"PACK OF 12 PINK PAISLEY TISSUES ","2011-11-08 11:51:00"
"GINGERBREAD MAN COOKIE CUTTER","2011-12-08 16:07:00"
"GIN AND TONIC MUG","2011-12-04 13:10:00"
"IF YOU CAN'T STAND THE HEAT MUG","2011-12-05 15:26:00"
"I CAN ONLY PLEASE ONE PERSON MUG","2011-12-05 08:41:00"
"PINK HEART SHAPE EGG FRYING PAN","2011-12-04 10:01:00"
"200 RED + WHITE BENDY STRAWS","2011-12-05 12:05:00"
"RECIPE BOX RETROSPOT ","2011-12-07 17:23:00"
"RECIPE BOX PANTRY YELLOW DESIGN","2011-12-08 12:41:00"
"RECIPE BOX BLUE SKETCHBOOK DESIGN","2011-12-04 10:38:00"
"20 DOLLY PEGS RETROSPOT","2011-12-07 15:15:00"
"NO SINGING METAL SIGN","2011-12-08 14:47:00"
"BISCUIT TIN VINTAGE RED","2011-12-06 12:00:00"
"EMERGENCY FIRST AID TIN ","2011-12-06 13:17:00"
"POLKADOT PEN","2011-12-07 16:37:00"
"DECORATIVE PLANT POT WITH FRIEZE","2011-12-05 20:03:00"
"FRENCH BLUE METAL DOOR SIGN 5","2011-12-08 12:15:00"
"CHEST OF DRAWERS GINGHAM HEART ","2011-12-07 14:17:00"
"RED RETROSPOT CAKE STAND","2011-12-06 13:17:00"
"JOY WOODEN BLOCK LETTERS","2011-11-07 11:38:00"
"NOEL WOODEN BLOCK LETTERS ","2011-09-01 12:51:00"
"PEACE WOODEN BLOCK LETTERS","2011-07-08 14:33:00"
"OFFICE MUG WARMER BLACK+SILVER ","2011-12-05 16:52:00"
"SET OF 2 CHRISTMAS DECOUPAGE CANDLE","2010-10-12 11:01:00"
"COSMETIC BAG VINTAGE ROSE PAISLEY","2011-11-08 13:34:00"
"PINK ROSE FABRIC MIRROR","2011-12-05 19:01:00"
"SILVER PLATE CANDLE BOWL SMALL","2011-12-01 11:52:00"
"SMALL REGAL  SILVER CANDLEPOT ","2011-10-04 13:21:00"
"ANTIQUE TALL SWIRLGLASS TRINKET POT","2011-12-06 12:55:00"
"ANTIQUE GLASS PEDESTAL BOWL","2011-12-07 09:10:00"
"GUMBALL MAGAZINE RACK","2011-12-08 09:37:00"
"RED FLOWER CROCHET FOOD COVER","2011-12-07 11:15:00"
"CHERRY CROCHET FOOD COVER","2011-12-08 12:42:00"
"STRAWBERRY RAFFIA FOOD COVER","2011-11-05 15:08:00"
"POLKA DOT RAFFIA FOOD COVER","2011-10-07 15:25:00"
"DOORMAT SPOTTY HOME SWEET HOME","2011-12-05 12:49:00"
"T-LIGHT GLASS FLUTED ANTIQUE","2011-12-07 15:29:00"
"SILVER  CANDLEPOT JARDIN ","2010-09-12 15:20:00"
"POLKADOT MUG PINK ","2011-09-03 14:30:00"
"PAPER BUNTING COLOURED LACE","2011-12-06 12:08:00"
"ANTIQUE GLASS HEART DECORATION ","2011-10-04 11:35:00"
"SET OF 6 KASHMIR FOLKART BAUBLES","2011-12-06 15:14:00"
"CHRISTMAS RETROSPOT ANGEL WOOD","2011-11-08 16:12:00"
"CHRISTMAS RETROSPOT STAR WOOD","2011-11-08 12:53:00"
"HEART WOODEN CHRISTMAS DECORATION","2011-08-09 12:01:00"
"LARGE HANGING IVORY & RED WOOD BIRD","2011-11-04 11:45:00"
"SMALL HANGING IVORY/RED WOOD BIRD","2011-12-07 14:48:00"
"GRAND CHOCOLATECANDLE","2011-11-07 13:19:00"
"FAIRY CAKE BIRTHDAY CANDLE SET","2011-10-03 12:48:00"
"3 HOOK PHOTO SHELF ANTIQUE WHITE","2011-12-06 13:59:00"
"CREAM SWEETHEART WALL CABINET","2010-08-12 13:28:00"
"DOORMAT ENGLISH ROSE ","2011-12-07 14:57:00"
"DOORMAT UNION FLAG","2011-12-06 13:21:00"
"ROMANTIC IMAGES NOTEBOOK SET","2011-07-02 09:48:00"
"CURIOUS  IMAGES NOTEBOOK SET","2011-12-04 16:28:00"
"VINTAGE KEEPSAKE BOX PARIS DAYS","2011-11-04 11:38:00"
"RED GINGHAM ROSE JEWELLERY BOX","2011-12-08 09:04:00"
"BLUE CHARLIE+LOLA PERSONAL DOORSIGN","2011-12-05 10:18:00"
"CHARLIE+LOLA"EXTREMELY BUSY"" SIGN"","2011-12-05 10:18:00"
"CHARLOTTE BAG SUKI DESIGN","2011-12-08 13:40:00"
"LOLITA  DESIGN  COTTON TOTE BAG","2011-11-01 12:11:00"
"LETS GO SHOPPING COTTON TOTE BAG","2011-11-04 08:16:00"
"PAINT YOUR OWN CANVAS SET","2011-12-01 10:58:00"
"CAMOUFLAGE LED TORCH","2011-12-05 17:03:00"
"BLUE DRAGONFLY HELICOPTER","2011-12-05 20:03:00"
"YELLOW SHARK HELICOPTER","2011-12-05 17:03:00"
"RED SHARK HELICOPTER","2010-07-12 15:48:00"
"TOOL BOX SOFT TOY ","2011-12-07 14:26:00"
"DOCTOR'S BAG SOFT TOY","2011-12-07 14:26:00"
CARRIAGE,"2011-11-08 10:22:00"
"JUMBO BAG SCANDINAVIAN PAISLEY","2011-11-05 13:49:00"
"JUMBO BAG TOYS ","2011-12-06 12:01:00"
"PAINTED LIGHTBULB STAR+ MOON","2011-09-06 16:04:00"
"BLUE TEA TOWEL CLASSIC DESIGN","2011-11-02 12:45:00"
"SET 12 KIDS  WHITE CHALK STICKS","2011-12-08 14:12:00"
"CHRISTMAS MUSICAL ZINC STAR","2011-05-07 13:06:00"
"CHRISTMAS MUSICAL ZINC HEART ","2010-09-12 14:56:00"
"DOVE DECORATION PAINTED ZINC ","2011-11-08 16:12:00"
"UNION STRIPE WITH FRINGE  HAMMOCK","2011-12-07 12:24:00"
"FOLKART ZINC HEART CHRISTMAS DEC","2011-12-05 12:30:00"
"SKULLS AND CROSSBONES WRAP","2011-12-07 15:49:00"
"POLYESTER FILLER PAD 45x30cm","2011-12-06 12:00:00"
"POLYESTER FILLER PAD 40x40cm","2011-12-06 12:00:00"
"PINK FLOWER FABRIC PONY","2011-11-04 14:07:00"
"BIRTHDAY PARTY CORDON BARRIER TAPE","2011-12-01 15:06:00"
"CAMOUFLAGE DESIGN TEDDY","2011-12-07 10:21:00"
"TV DINNER TRAY AIR HOSTESS ","2011-12-01 13:40:00"
"SUKI  SHOULDER BAG","2011-12-07 09:54:00"
"BLUE SPOT CERAMIC DRAWER KNOB","2011-12-08 11:08:00"
"CUSHION COVER PINK UNION JACK","2011-10-04 11:24:00"
"CREAM SWEETHEART LETTER RACK","2011-12-01 12:31:00"
"FOUR HOOK  WHITE LOVEBIRDS","2011-12-06 14:15:00"
"FRENCH BLUE METAL DOOR SIGN 3","2011-12-08 12:15:00"
"FRENCH BLUE METAL DOOR SIGN No","2011-12-08 12:15:00"
"SET OF 3 BABUSHKA STACKING TINS","2011-11-02 13:53:00"
"BEACH HUT KEY CABINET","2011-12-04 12:16:00"
"SMALL PURPLE BABUSHKA NOTEBOOK ","2011-12-08 13:40:00"
"CHERRY BLOSSOM PASSPORT COVER","2011-09-08 14:18:00"
"SMALL YELLOW BABUSHKA NOTEBOOK ","2011-12-07 14:48:00"
"RETRO MOD TRAY","2011-12-07 14:48:00"
"SWEETHEART WIRE MAGAZINE RACK","2011-12-07 14:17:00"
"CARDHOLDER HOLLY WREATH METAL","2011-11-08 16:54:00"
"SILVER CHRISTMAS TREE BAUBLE STAND ","2011-12-01 13:19:00"
"SWEETHEART RECIPE BOOK STAND","2011-12-06 13:17:00"
"OVERNIGHT BAG VINTAGE ROSE PAISLEY","2011-12-05 12:01:00"
"ANT WHITE WIRE HEART SPIRAL","2011-12-01 13:16:00"
"FEATHER PEN,COAL BLACK","2011-12-05 15:23:00"
"FEATHER PEN,LIGHT PINK","2011-11-07 13:47:00"
"FEATHER PEN,HOT PINK","2011-11-07 13:47:00"
"DOORMAT AIRMAIL ","2011-12-07 14:57:00"
"NUMBER TILE COTTAGE GARDEN 8","2011-11-02 14:26:00"
"DOORMAT 3 SMILEY CATS","2011-12-04 16:30:00"
"BREAD BIN DINER STYLE IVORY","2011-12-06 11:17:00"
"BREAD BIN DINER STYLE RED ","2011-12-01 10:49:00"
"MAGNETS PACK OF 4 VINTAGE COLLAGE","2011-11-08 12:44:00"
"MAGNETS PACK OF 4 HOME SWEET HOME","2011-12-06 13:17:00"
"MAGNETS PACK OF 4 CHILDHOOD MEMORY","2011-12-05 13:58:00"
"ART LIGHTS,FUNK MONKEY","2011-12-07 17:09:00"
"MINI CAKE STAND WITH HANGING CAKES","2011-12-04 16:17:00"
"CERAMIC CAKE STAND + HANGING CAKES","2011-12-07 10:04:00"
"SWEETHEART CERAMIC TRINKET BOX","2011-12-06 14:15:00"
"SET OF 4 FAIRY CAKE PLACEMATS","2011-12-08 12:42:00"
"OFFICE MUG WARMER PINK","2011-10-04 11:35:00"
"OFFICE MUG WARMER CHOC+BLUE","2011-12-05 16:29:00"
"PLEASE ONE PERSON METAL SIGN","2011-12-05 20:13:00"
"GLITTER CHRISTMAS HEART ","2010-12-12 16:14:00"
"CIRCUS PARADE CHILDRENS EGG CUP ","2011-12-05 20:13:00"
"RED STRIPE CERAMIC DRAWER KNOB","2011-12-08 11:08:00"
"NURSERY A,B,C PAINTED LETTERS","2011-12-08 11:41:00"
"SET OF 2 ROUND TINS DUTCH CHEESE","2011-12-06 12:00:00"
"GREEN GEISHA GIRL ","2011-04-08 09:55:00"
"BLUE GEISHA GIRL ","2011-04-08 09:55:00"
"NEWSPAPER STAND","2010-07-12 16:43:00"
"CINAMMON & ORANGE WREATH","2010-06-12 14:08:00"
"LARGE WHITE HONEYCOMB PAPER BELL  ","2011-12-07 17:23:00"
"WOOD STOCKING CHRISTMAS SCANDISPOT","2011-07-09 15:52:00"
"SET OF 4 NAPKIN CHARMS HEARTS","2011-12-04 11:43:00"
"WOODEN TREE CHRISTMAS SCANDINAVIAN","2011-07-09 10:23:00"
"ROCKING HORSE GREEN CHRISTMAS ","2011-08-09 12:05:00"
"CHRISTMAS HANGING TREE WITH BELL","2011-12-01 12:31:00"
"JINGLE BELLS TREE DECORATION","2011-06-07 11:52:00"
"SET OF 4 NAPKIN CHARMS 3 KEYS ","2011-12-05 12:01:00"
"SET OF 4 NAPKIN CHARMS INSTRUMENT","2011-07-07 18:56:00"
"SET OF 4 NAPKIN CHARMS CROWNS ","2011-10-04 13:21:00"
"SWALLOW WOODEN CHRISTMAS DECORATION","2011-07-09 15:52:00"
"GLITTER CHRISTMAS TREE","2010-08-12 15:56:00"
"GARLAND WITH STARS AND BELLS","2011-07-09 12:10:00"
"CHRISTMAS GARLAND STARS,TREES","2011-10-02 16:52:00"
"SWISS CHALET TREE DECORATION ","2011-07-09 10:23:00"
"BIRD BOX CHRISTMAS TREE DECORATION","2010-06-12 13:13:00"
"WOODEN ADVENT CALENDAR CREAM","2011-08-04 09:08:00"
Manual,"2011-12-08 11:22:00"
"CARD MOTORBIKE SANTA","2011-02-09 13:18:00"
"CARD CHRISTMAS VILLAGE","2011-06-09 11:58:00"
"DOORMAT I LOVE LONDON","2011-12-04 12:53:00"
"WOOD AND GLASS MEDICINE CABINET","2011-11-05 12:47:00"
"MA CAMPAGNE CUTLERY BOX","2011-12-06 12:03:00"
"YULETIDE IMAGES GIFT WRAP SET","2011-10-08 10:45:00"
"WICKER WREATH LARGE","2011-11-05 14:25:00"
"TABLE LAMP WHITE SHADE WOOD BASE","2011-01-05 13:45:00"
"SMALL FOLKART STAR CHRISTMAS DEC","2011-01-08 11:12:00"
"SMALLFOLKART BAUBLE CHRISTMAS DEC","2011-04-01 13:22:00"
"SMALL HANGING GLASS+ZINC LANTERN","2011-12-05 20:13:00"
"SET/3 CHRISTMAS DECOUPAGE CANDLES","2011-08-09 09:13:00"
"PINK/WHITE CHRISTMAS TREE 60CM","2011-11-07 10:33:00"
"GREEN CHRISTMAS TREE STRING 20LIGHT","2010-06-12 14:51:00"
"EUCALYPTUS & PINECONE  WREATH","2011-01-04 14:24:00"
"CHRISTMAS PUDDING TRINKET POT ","2011-07-07 12:36:00"
"BLACK CHRISTMAS TREE 60CM","2011-10-05 10:11:00"
"15CM CHRISTMAS GLASS BALL 20 LIGHTS","2011-11-08 11:44:00"
"CARDHOLDER GINGHAM STAR","2011-04-01 12:51:00"
"WOODEN STAR CHRISTMAS SCANDINAVIAN","2011-12-08 16:07:00"
"FINE WICKER HEART ","2011-12-06 15:14:00"
"UNION JACK FLAG PASSPORT COVER ","2011-12-05 16:52:00"
"EDWARDIAN PARASOL PINK","2011-12-07 10:04:00"
"S/4 CACTI CANDLES","2011-12-05 16:29:00"
"PINK MARSHMALLOW SCARF KNITTING KIT","2010-01-12 16:11:00"
"6 CHOCOLATE LOVE HEART T-LIGHTS","2011-10-08 15:29:00"
"PINK BLUE FELT CRAFT TRINKET BOX","2011-12-06 13:22:00"
"TOAST ITS - BEST MUM","2011-12-01 10:16:00"
"3 TRADITIONAL COOKIE CUTTERS  SET","2010-10-12 12:45:00"
"CHILDRENS SPACEBOY MUG","2010-08-12 10:13:00"
"MIRRORED WALL ART SKULLS","2011-11-03 11:37:00"
"MIRRORED WALL ART STARS","2011-12-08 09:04:00"
"CHARLIE+LOLA PINK HOT WATER BOTTLE","2011-10-01 09:11:00"
"CHARLIE+LOLA RED HOT WATER BOTTLE ","2011-08-05 14:59:00"
"COWBOYS AND INDIANS BIRTHDAY CARD ","2011-12-07 14:17:00"
"RING OF ROSES BIRTHDAY CARD","2011-12-07 14:17:00"
"ALARM CLOCK BAKELIKE CHOCOLATE","2011-12-07 14:48:00"
"CERAMIC CAKE DESIGN SPOTTED MUG","2011-12-06 11:26:00"
"LIPSTICK PEN FUSCHIA","2011-12-05 20:03:00"
"BROCADE RING PURSE ","2011-12-08 11:41:00"
"GREEN 3 PIECE POLKADOT CUTLERY SET","2011-12-01 13:16:00"
"PAINTED METAL PEARS ASSORTED","2011-12-05 16:29:00"
"COLOUR GLASS. STAR T-LIGHT HOLDER","2011-12-08 12:16:00"
"SWALLOWS GREETING CARD","2011-12-07 14:26:00"
"LADLE LOVE HEART PINK","2010-05-12 15:47:00"
"LETTER "M"" BLING KEY RING"","2010-01-12 16:57:00"
"LETTER "V"" BLING KEY RING"","2011-09-06 13:08:00"
"LETTER "S"" BLING KEY RING"","2010-08-12 12:08:00"
"LETTER "J"" BLING KEY RING"","2011-09-06 13:08:00"
"WALL TIDY RETROSPOT ","2011-12-07 09:54:00"
"BINGO SET","2011-12-05 10:53:00"
"KIDS RAIN MAC PINK","2011-11-07 14:16:00"
"RED RETROSPOT CUP","2011-12-08 12:37:00"
"SQUARE FLOOR CUSHION VINTAGE RED","2011-10-01 12:36:00"
"SET/3 VANILLA SCENTED CANDLE IN BOX","2011-12-07 14:26:00"
"SET OF 2 TINS VINTAGE BATHROOM ","2011-11-05 12:36:00"
"BLUE  DIAMANTE PEN IN GIFT BOX","2011-10-07 12:28:00"
"36 PENCILS TUBE SKULLS","2011-12-04 10:45:00"
"GREEN FERN JOURNAL ","2011-10-07 11:34:00"
"RIBBON REEL FLORA + FAUNA ","2011-11-05 13:16:00"
"BLACK EAR MUFF HEADPHONES","2011-10-06 12:01:00"
"RED POLKADOT COFFEE  MUG","2011-12-04 13:24:00"
"EMPIRE UNION JACK TV DINNER TRAY","2011-11-02 11:17:00"
"ASSORTED TUTTI FRUTTI MIRROR","2011-11-04 14:07:00"
"SET OF 4 ROSE BOTANICAL CANDLES","2011-10-01 14:20:00"
"FELT EGG COSY BLUE RABBIT ","2011-11-02 12:45:00"
"LOVE HEART SOCK HANGER","2011-12-04 15:23:00"
"SCOTTIES CHILDRENS APRON","2011-10-01 11:09:00"
"CHILDS GARDEN BRUSH PINK","2011-12-04 13:24:00"
"LADYBIRD + BEE RAFFIA FOOD COVER","2011-11-01 12:30:00"
"HOME SWEET HOME MUG","2011-12-08 11:08:00"
"CHILDRENS GARDEN GLOVES BLUE","2011-12-05 12:05:00"
"CHRYSANTHEMUM SKETCHBOOK ","2011-12-07 14:57:00"
"BAG 250g SWIRLY MARBLES","2011-12-07 10:21:00"
"BAG 125g SWIRLY MARBLES","2011-12-08 09:04:00"
"ROSE 3 WICK MORRIS BOX CANDLE","2011-11-01 13:26:00"
"ROSE SCENT CANDLE JEWELLED DRAWER","2011-12-01 15:44:00"
"RED RETROSPOT CHILDRENS UMBRELLA","2011-12-07 10:25:00"
"WHITE BAMBOO RIBS LAMPSHADE","2011-12-04 16:28:00"
"FOLDING UMBRELLA CHOCOLATE POLKADOT","2011-12-05 19:01:00"
"CAKE STAND LOVEBIRD 2 TIER WHITE","2011-12-07 14:48:00"
"3 GARDENIA MORRIS BOXED CANDLES","2011-12-01 13:40:00"
"SET/4 GARDEN ROSE DINNER CANDLE","2011-03-02 12:37:00"
"GOLD PRINT PAPER BAG","2010-02-12 13:49:00"
"WOODEN HAPPY BIRTHDAY GARLAND","2011-12-07 14:26:00"
"SET/4 BADGES CUTE CREATURES","2011-12-07 13:31:00"
"BLUE PAISLEY POCKET BOOK","2011-07-04 12:10:00"
"PORCELAIN ROSE LARGE ","2011-11-04 14:11:00"
"PORCELAIN ROSE SMALL","2011-12-06 12:08:00"
"BAKING SET SPACEBOY DESIGN","2011-12-07 11:37:00"
"SOAP DISH BROCANTE","2011-12-05 20:13:00"
"FLUTED ANTIQUE CANDLE HOLDER","2011-12-06 12:55:00"
"PEACE SMALL WOOD LETTERS","2011-11-05 12:58:00"
"RED RETROSPOT APRON ","2011-12-05 10:45:00"
"TEA TIME KITCHEN APRON","2011-12-06 11:26:00"
"FELTCRAFT DOLL MARIA","2011-11-02 11:17:00"
"PARTY METAL SIGN ","2011-12-08 13:15:00"
"VINTAGE CREAM 3 BASKET CAKE STAND","2011-12-01 13:19:00"
"CHRISTMAS RETROSPOT HEART WOOD","2010-12-12 11:07:00"
"DOORMAT RESPECTABLE HOUSE","2011-12-05 14:46:00"
"MEMO BOARD RETROSPOT  DESIGN","2011-12-08 09:37:00"
"PINK/YELLOW FLOWERS HANDBAG","2010-08-12 15:38:00"
"CHARLIE+LOLA MY ROOM DOOR SIGN","2011-12-05 10:18:00"
"SALLE DE BAIN HOOK","2011-11-05 10:42:00"
"CHRISTMAS CARD STACK OF PRESENTS","2011-05-09 16:22:00"
"SET 12 KIDS COLOUR  CHALK STICKS","2011-12-08 11:09:00"
"SPACEBOY BIRTHDAY CARD","2011-12-07 14:17:00"
"ROBOT BIRTHDAY CARD","2011-12-07 14:17:00"
"JOY LARGE WOOD LETTERS","2011-12-05 12:01:00"
"WORLD WAR 2 GLIDERS ASSTD DESIGNS","2011-12-08 11:09:00"
"CHILDRENS APRON APPLES DESIGN","2011-12-08 12:46:00"
"ENCHANTED BIRD COATHANGER 5 HOOK","2011-12-05 10:13:00"
"TOAST ITS - FAIRY FLOWER","2011-11-01 15:13:00"
"CACTI T-LIGHT CANDLES","2011-12-08 12:15:00"
"HANGING BAUBLE T-LIGHT HOLDER SMALL","2011-12-06 15:14:00"
"12 PENCILS SMALL TUBE RED RETROSPOT","2011-12-05 19:01:00"
"BALLOON WATER BOMB PACK OF 35","2011-12-08 11:09:00"
"BALLOON PUMP WITH 10 BALLOONS","2011-12-04 13:19:00"
"ALPHABET STENCIL CRAFT","2011-12-07 13:31:00"
"3 TRADITIONAl BISCUIT CUTTERS  SET","2011-12-08 09:57:00"
"IVORY PAPER CUP CAKE CASES ","2011-11-04 16:56:00"
"PARTY INVITES WOODLAND","2011-12-06 13:17:00"
"PARTY INVITES BALLOON GIRL","2011-11-03 12:54:00"
"LOVELY BONBON STICKER SHEET","2011-12-05 09:40:00"
"SWEET PUDDING STICKER SHEET","2011-12-05 10:53:00"
"ASSTD DESIGN 3D PAPER STICKERS","2011-11-07 15:26:00"
"CUTE CATS TAPE","2011-10-08 15:29:00"
"TOOTHPASTE TUBE PEN","2011-11-03 11:35:00"
"MAGIC DRAWING SLATE PURDEY","2011-12-05 20:13:00"
"PACK OF 12 COLOURED PENCILS","2011-12-08 11:09:00"
"TOAST ITS - I LOVE YOU ","2011-12-01 13:40:00"
"BANK ACCOUNT  GREETING  CARD ","2011-09-03 12:35:00"
"EMPIRE BIRTHDAY CARD","2011-12-07 14:26:00"
"TEA PARTY BIRTHDAY CARD","2011-12-07 14:17:00"
"CARD CAT AND TREE ","2011-12-07 14:17:00"
"CARD DOG AND BALL ","2011-12-07 14:17:00"
"PENNY FARTHING BIRTHDAY CARD","2011-12-06 10:53:00"
"BLUE STRIPE CERAMIC DRAWER KNOB","2011-12-08 11:08:00"
"RED SPOT CERAMIC DRAWER KNOB","2011-12-08 11:08:00"
"WHITE SPOT BLUE CERAMIC DRAWER KNOB","2011-12-06 13:17:00"
"HOOK, 1 HANGER ,MAGIC GARDEN","2011-11-01 09:47:00"
"EMBOSSED GLASS TEALIGHT HOLDER","2011-12-06 13:59:00"
"WATERING CAN PINK BUNNY","2011-12-08 15:22:00"
"WATERING CAN GREEN DINOSAUR","2011-12-05 15:17:00"
