description,total_units_sold
"NECKLACE+BRACELET SET BLUE HIBISCUS",1
"FUNKY FLOWER PICNIC BAG FOR 4",1
"CHERUB HEART DECORATION GOLD",1
"LILAC GAUZE BUTTERFLY LAMPSHADE",1
"ACRYLIC JEWEL ICICLE, PINK",1
"PINK CAT FLORAL CUSHION COVER ",1
"LETTER "H"" BLING KEY RING"",1
"DANISH ROSE UMBRELLA STAND",1
"SILVER/NAT SHELL NECKLACE W PENDANT",1
"DOLPHIN WINDMILL",1
"CLEAR CRYSTAL STAR PHONE CHARM",1
"PACKING CHARGE",1
"RED PEONY TABLE CLOCK",1
"VINTAGE BEAD PINK JEWEL STAND",1
"GOLD M.O.P ORBIT BRACELET",1
"FLOWER GLASS GARLAND NECKL.36"GREEN"",1
"WHITE FRANGIPANI NECKLACE",1
"LAZER CUT NECKLACE W PASTEL BEADS",1
"SILVER/M.O.P PENDANT ORBIT NECKLACE",1
"DOTCOM POSTAGE",1
"EGG FRYING PAN BLUE ",1
"GINGHAM RECIPE BOOK BOX",1
"HOME SWEEET HOME 3 PEG HANGER ",1
"60 GOLD AND SILVER FAIRY CAKE CASES",2
"RASTA IN BATH W SPLIFF ASHTRAY",2
"IVORY PANTRY HANGING LAMP ",2
"DIAMANTE HAIR GRIP PACK/2 LT ROSE",2
"SILVER DROP EARRINGS WITH FLOWER",2
"WOVEN ROSE GARDEN CUSHION COVER ",2
"PINK YELLOW PATCH CUSHION COVER",2
"LETTER "L"" BLING KEY RING"",2
"LETTER "N"" BLING KEY RING"",2
"FRUIT SALAD BAG CHARM",2
"VINTAGE KEEPSAKE BOX PINK FLOWER",2
"MOROCCAN BEATEN METAL DISH",2
"LARGE CRYSTAL DIAMANTE HAIRSLIDE",2
"VINTAGE BEAD PINK JEWEL BOX",2
"ELEPHANT CLIP W SUCTION CUP",2
"SILVER LARIAT 40CM",2
"GOLD/M.O.P PENDANT ORBIT NECKLACE",2
"DARK BIRD HOUSE TREE DECORATION",2
"RED PEONY CUSHION COVER ",2
"GREEN PEONY CUSHION COVER",2
"PURPLE ENAMEL+GLASS HAIR COMB",2
"SILVER M.O.P ORBIT DROP EARRINGS",2
"MINT DINER CLOCK",2
"PINK OVAL SHAPE TRINKET BOX",2
"SPACEBOY ROCKET LOLLY MAKERS",2
"GLASS TWIST BON BON JAR",2
"SILVER BLACK ORBIT BRACELET",2
"SILVER BLACK ORBIT DROP EARRINGS",2
"HOME SWEET HOME 3 PEG HANGER ",2
"CURIO CABINET LINEN AND LACE ",2
"RED GLASS TASSLE BAG CHARM",3
"DIAMANTE HAIR GRIP PACK/2 MONTANA",3
"POTTING SHED SOW 'N' GROW SET",3
"LETTER "M"" BLING KEY RING"",3
"AMETHYST DIAMANTE EXPANDABLE RING",3
"DROP DIAMANTE EARRINGS CRYSTAL",3
"PINK TALL PORCELAIN T-LIGHT HOLDER ",3
"JARDIN ETCHED GLASS BUTTER DISH",3
"SPACE CADET BLACK",3
"SET/3 FLORAL GARDEN TOOLS IN BAG",3
"ROBOT MUG IN DISPLAY BOX",3
"BLUE LEAVES AND BEADS PHONE CHARM",3
"BLUE/GREEN SHELL NECKLACE W PENDANT",3
"BLUE POLKADOT PURSE ",3
"PINK/WHITE RIBBED MELAMINE JUG",3
"GINGHAM OVEN GLOVE RED HEART ",3
"SILICON CUBE 25W, BLUE",3
"CREAM AND PINK FLOWERS PONY ",3
"CRYSTAL FROG PHONE CHARM",3
"TEA TIME BREAKFAST BASKET",3
"BLUE GREEN EMBROIDERY COSMETIC BAG",3
"FUNKY MONKEY MUG",3
"DUSTY PINK CHRISTMAS TREE 30CM",3
"BLACKCHRISTMAS TREE 30CM",3
"BLACK FINE BEAD NECKLACE W TASSEL",3
"BLUE ORGANDY ROUND LAMPSHADE W BEA",3
"GOLD WASHBAG",3
"SET/6 IVORY BIRD T-LIGHT CANDLES",3
"LETTER "B"" BLING KEY RING"",3
"BLUE NEW BAROQUE FLOCK CANDLESTICK",3
"METAL BASE FOR CANDLES",3
"FLORAL BLUE MONSTER",3
"SET/3 TALL GLASS CANDLE HOLDER PINK",3
"SET OF 3 PINK FLYING DUCKS",3
"PINK VINTAGE VICTORIAN EARRINGS",3
"BLUE SHARK HELICOPTER",3
"RABBIT EASTER DECORATION",3
"CONGRATULATIONS BUNTING",3
"NEW BAROQUE BLACK BOXES",3
"MOROCCAN BEATEN METAL MIRROR",3
"PINK POLKADOT KIDS BAG",3
"LETTER "R"" BLING KEY RING"",3
"HANGING HEART BASKET",3
"WHITE ENAMEL FLOWER HAIR TIE",3
"GREEN ENAMEL FLOWER HAIR TIE",3
"BUTTERFLY HAIR BAND",3
"FIRE POLISHED GLASS BRACELET BLACK",3
"ANT COPPER RED BOUDICCA BRACELET",3
"JADE CRYSTAL+GLASS BRACELET",3
"WHITE MURANO TWIST BRACELET",3
"CRACKED GLAZE EARRINGS BROWN",3
"NEW BAROQUE SMALL NECKLACE BLACK",3
"TURQ PENDANT TRIPLE SHELL NECKLACE",3
"GREEN PENDANT TRIPLE SHELL NECKLACE",3
"AMBER DIAMANTE EXPANDABLE RING",3
"BLACK DROP EARRINGS W LONG BEADS",3
"EDWARDIAN DROP EARRINGS JET BLACK",3
"MURANO STYLE GLASS BRACELET BLACK",3
"BLUE MURANO TWIST NECKLACE",3
"PINK CRYSTAL GUITAR PHONE CHARM",3
"POTTING SHED ROSE CANDLE",3
"RUSTIC WOODEN CABINET, GLASS DOORS",3
"S/3 PINK SQUARE PLANTERS ROSES",3
"VINTAGE BEAD PINK SHADE ",3
"WINE BOTTLE DRESSING LT.BLUE",3
"SMALL ROUND CUT GLASS CANDLESTICK",3
"HEN HOUSE WITH CHICK STANDING",3
"SET OF 16 VINTAGE IVORY CUTLERY",3
"LONG SILVER NECKLACE PASTEL FLOWER",3
"PURPLE AMETHYST NECKLACE W TASSEL",3
"NEW BAROQUE B'FLY NECKLACE PINK",3
"ANTIQUE OPAL WHITE FLOWER EARRINGS",3
"BAROQUE BUTTERFLY EARRINGS BLACK",3
"PINK PILLAR CANDLE SILVER FLOCK",3
"MAXWELL 2 TONE BLUE 60 PAGE PHOTO A",3
"PAIR OF PINK FLOWER CLUSTER SLIDE",3
"SILVER HOOP EARRINGS WITH FLOWER",3
"CRYSTAL DIAMANTE STAR BROOCH",3
"PINK EASTER HENS+FLOWER",3
"COPPER AND BRASS BAG CHARM",3
"IVORY GOLD METAL BAG CHARM",3
"WHITE WITH METAL BAG CHARM",3
"GREEN WITH METAL BAG CHARM",3
"ACRYLIC GEOMETRIC LAMP",3
"LARGE APOTHECARY MEASURING JAR ",3
"BLUE PAINTED KASHMIRI CHAIR",3
"ORIENTAL RED CUSHION COVER ",3
"BEADED CRYSTAL HEART PINK ON STICK",3
"RED DAISY PAPER LAMPSHADE",3
"METAL HERB GERDEN CONTAINER",3
"GREEN  DIAMANTE PEN IN GIFT BOX",3
"SILVER LARIAT BLACK STONE EARRINGS",3
"VINTAGE COFFEE GRINDER BOX",3
"LETTER "V"" BLING KEY RING"",4
"FOLK ART GREETING CARD,pack/12",4
"SILICON STAR BULB  BLUE",4
"PINK PARTY SUNGLASSES",4
"FLORAL SOFT CAR TOY",4
"TEATIME FUNKY FLOWER BACKPACK FOR 2",4
"SILVER/MOP ORBIT NECKLACE",4
"COLUMBIAN  CUBE CANDLE ",4
"FLOWER GARLAND NECKLACE RED",4
"IVORY SHELL HEART EARRINGS",4
"TURQ STONE/CRYSTAL EARRINGS",4
"ANT SILVER FUSCHIA BOUDICCA RING",4
"GREEN GOOSE FEATHER TREE 60CM",4
"PINK GOOSE FEATHER TREE 60CM",4
"WHITE GOOSE FEATHER TREE 60CM ",4
"PINK BUTTERFLY CUSHION COVER",4
"BLUE STRIPES SHOULDER BAG",4
"FLOWERS HANDBAG blue and orange",4
"MOROCCAN BEATEN METAL DISH LARGE",4
"SQUARECUSHION COVER PINK UNION JACK",4
"VINTAGE SHELLS PRINT",4
"THE KING GIFT BAG",4
"RETRO TIN ASHTRAY,REVOLUTIONARY",4
"CROCHET BEAR RED/BLUE  KEYRING",4
"APOTHECARY MEASURING JAR",4
"CORDIAL GLASS JUG",4
"BEADED CRYSTAL HEART GREEN ON STICK",4
"MIDNIGHT BLUE VINTAGE EARRINGS",4
"THE KING GIFT BAG 25x24x12cm",4
"BUTTERFLY CUSHION COVER",4
"GREEN VINTAGE EARRINGS ",4
"ENAMEL JUG PANTRY",4
"CRYSTAL HOOP EARRING FLORAL LEAF",5
"BLUE TILED TRAY",5
"BLACK VINTAGE  CRYSTAL EARRINGS",5
"WHITE VINTAGE CRYSTAL EARRINGS",5
"BABY MOUSE RED GINGHAM DRESS",5
"SWEETHEART CREAM STEEL TABLE RECT",5
"BLUE TABLE RUN FLOWER",5
"FLORAL BATHROOM SET",5
"GOLD M PEARL  ORBIT NECKLACE",5
"BLUE CHECK BAG W HANDLE 34X20CM",5
"CHAMPAGNE TRAY BLANK CARD",5
"PAPER LANTERN 5 POINT STAR MOON ",5
"GOLD DIAMANTE STAR BROOCH",5
"ANTIQUE CREAM CUTLERY CUPBOARD",5
"SET OF 2 TEA TOWELS PING MICROWAVE",5
"HELLO SAILOR BATHROOM SET",5
"LARGE MINT DIAMANTE HAIRSLIDE",5
"HOME SWEET HOME 2 DRAWER CABINET",5
"HOME SWEET HOME HOOK",5
"CLEAR ACRYLIC FACETED BANGLE",6
"DIAMANTE HAIR GRIP PACK/2 BLACK DIA",6
"CHRISTMAS TREE T-LIGHT HOLDER",6
"MIRRORED WALL ART FOXY",6
"CAKESTAND, 3 TIER, LOVEHEART",6
"GLASS BELL JAR LARGE",6
"BLACK GEMSTONE BRACELET",6
"5 STRAND GLASS NECKLACE BLACK",6
"CLAM SHELL LARGE",6
"VINTAGE BLUE TINSEL REEL",6
"VINTAGE PHOTO ALBUM PARIS DAYS",6
"BLACK GEMSTONE NECKLACE 45CM",6
"PINK BAROQUE FLOCK CANDLE HOLDER",6
"ANT SILVER PURPLE BOUDICCA RING",6
"NEW ENGLAND MUG W GIFT BOX",6
"POCKET MIRROR WOODLAND",6
"FIRE POLISHED GLASS NECKL BRONZE",6
"GOLD COSMETIC BAG PINK STAR",6
"WISE MAN STAR SHAPE EGG PAN",6
"PINK SMALL JEWELLED PHOTOFRAME",6
"CHERRY BLOSSOM TABLE CLOCK ",6
"JET BLACK LAS VEGAS NECKLACE 45CM",6
"SILVER/AMETHYST DROP EARRINGS LEAF",6
"ROSE COLOUR PAIR HEART HAIR SLIDES",6
"TROPICAL HOLIDAY PURSE ",6
"QUEEN OF THE SKIES HOLIDAY PURSE ",6
"FLOWER GLASS GARLD NECKL36"AMETHYST"",6
"VINTAGE GLASS TEA CADDY",6
"MULTICOLOUR EASTER RABBIT ",6
"LIGHTHOUSE PRINTED METAL SIGN",6
"BLUE CRUSOE CHECK LAMPSHADE",6
"PINK HEART RED HANDBAG",6
"FIRST CLASS HOLIDAY PURSE ",6
"GLASS CAKE COVER AND PLATE",6
"PINK NEW BAROQUE FLOCK CANDLESTICK",6
"PET MUG, GOLDFISH",6
"FOLDING SHOE TIDY",6
"M/COLOUR POM-POM CURTAIN",6
"WHITE VINT ART DECO CRYSTAL NECKLAC",6
"BLACK VINT ART DEC CRYSTAL NECKLACE",6
"PINK & WHITE ROSEBUD RING",6
"GREEN GLASS TASSLE BAG CHARM",6
"LETTER "P"" BLING KEY RING"",6
"PURPLE/TURQ FLOWERS HANDBAG",6
"BLUE EASTER EGG HUNT START POST",6
"MIRROR MOSAIC HURRICANE LAMP ",6
"PINK RIVIERA HANDBAG",6
"WOVEN BERRIES CUSHION COVER ",6
"WHITE HEART OF GLASS BRACELET",6
"MOP PENDANT SHELL NECKLACE",6
"SET OF 4 CAROUSEL PLACEMATS ",6
"POLYESTER FILLER PAD 60x40cm",6
"PINK DISCO HANDBAG",6
"GOLD M.O.P ORBIT DROP EARRINGS",6
"FOOD COVER WITH BEADS , SET 2 SIZES",6
"FILIGREE DIAMANTE EARRINGS",6
"FLOWER GLASS GARLAND NECKL.36"BLUE"",6
"CINDERELLA CHANDELIER ",6
"CRYSTAL CHANDELIER T-LIGHT HOLDER",6
"LARGE JEWELLERY STAND",6
"SMALL JEWELLERY STAND",6
"FIRE POLISHED GLASS BRACELET MONTAN",6
"FIRE POLISHED GLASS BRACELET RED",6
"SET 4 VALENTINE DECOUPAGE HEART BOX",6
"BLACK SQUARE TABLE CLOCK",6
"WHITE SQUARE TABLE CLOCK",6
"PINK FLOCK SUEDE CUSHION COVER ",6
"VINTAGE NOTEBOOK TRAVELOGUE",6
"BLUE WHITE PLASTIC RINGS LAMPSHADE",6
"DOORKNOB CRACKED GLAZE PINK",6
"DOORKNOB CRACKED GLAZE GREEN",6
"DOORKNOB CRACKED GLAZE IVORY",6
"DONKEY TAIL GAME ",6
"SMALL ZINC/GLASS CANDLEHOLDER",6
"PAINTED LIGHTBULB RAINBOW DESIGN",6
"STORAGE TIN VINTAGE DOILEY ",6
"SET OF 4 KNICK KNACK TINS  DOILEY ",6
"RED KUKUI COCONUT SEED NECKLACE",6
"BLUE DAISY MOBILE",6
"LIGHT PINK FLOCK GLASS CANDLEHOLDER",6
"STOOL HOME SWEET HOME ",6
"HOME SWEET HOME KEY HOLDER",6
"GLASS AND PAINTED BEADS BRACELET TO",6
"BATHROOM HOOK",6
"PHOTO FRAME LINEN AND LACE LARGE",6
"PAIR OF ENAMEL BUTTERFLY HAIRCLIP",7
"SPACE CADET RED",7
"PINK/GREEN FLOWER DESIGN BIG MUG",7
"LITTLE GREEN MONSTER SOFT TOY",7
"ANT SILVER LIME GREEN BOUDICCA RING",7
"PINK PAISLEY CUSHION COVER ",7
"4 PINK FLOCK CHRISTMAS BALLS",7
"RESIN BRACELET W PASTEL BEADS",7
"RESIN NECKLACE W PASTEL BEADS",7
"NEW BAROQUE JEWELLERY BOX ",7
"DECORATIVE HANGING SHELVING UNIT",7
"BLUE HOLE PUNCH",7
"STRIPES DESIGN MONKEY DOLL",7
"IVORY SHELL HEART NECKLACE",7
"ZINC WIRE KITCHEN ORGANISER",7
"BLUE DISCO HANDBAG",7
"SMALL APOTHECARY MEASURING JAR ",7
"DOORMAT CHRISTMAS VILLAGE",7
"SWEETHEART 3 TIER CAKE STAND ",7
" TRELLIS COAT RACK",7
"ZINC BOX SIGN HOME",7
"RUSTIC MIRROR WITH LACE HEART",7
"LETTER "J"" BLING KEY RING"",8
"PACK/12 BLUE FOLKART CARDS",8
"YELLOW/PINK FLOWER DESIGN BIG MUG",8
"SILVER TEDDY BEAR",8
"MIDNIGHT BLUE PAIR HEART HAIR SLIDE",8
"LITTLE PINK MONSTER SOFT TOY",8
"PINK JEWELLED PHOTO FRAME",8
"WHITE BAROQUE WALL CLOCK ",8
"AMBER GLASS/SILVER BRACELET",8
"PINK POT PLANT CANDLE",8
"ANT COPPER PINK BOUDICCA BRACELET",8
"PINK CANDYSTUFT ARTIFICIAL FLOWER",8
"BATHROOM SCALES, TROPICAL BEACH",8
"WHITE WIRE PLANT POT HOLDER",8
"DOUBLE CERAMIC PARLOUR HOOK",8
"T-LIGHT HOLDER SILVER HEART HANDLE",8
"DRAWER KNOB VINTAGE GLASS HEXAGON",8
"ORIGAMI VANILLA INCENSE/CANDLE SET ",8
"HEART MIRROR ANTIQUE WHITE",8
"SHELF WITH 4 HOOKS HOME SWEET HOME",8
"PINK B'FLY C/COVER W BOBBLES",9
"TURQUOISE CHRISTMAS TREE ",9
"BLACK DIAMANTE EXPANDABLE RING",9
"DIAMANTE HAIR GRIP PACK/2 RUBY",9
"RED WHITE SCARF  HOT WATER BOTTLE",9
"LETTER "S"" BLING KEY RING"",9
"BLUE GLASS CHUNKY CHARM BRACELET",9
"BLACK+WHITE NECKLACE W TASSEL",9
"ROBIN CHRISTMAS CARD",9
"RED ROSE AND LACE C/COVER",9
"BLUE WIRE SPIRAL CANDLE HOLDER",9
"PINK JEWELLED MIRROR TRINKET TRAY",9
"PINK/WHITE "KEEP CLEAN"" BULLET BIN"",9
"BUTTONS AND STRIPES NOTEBOOK ",9
"TIGRIS EYE CHUNKY CHARM BRACELET",9
"JET BLACK LAS VEGAS BRACELET ROUND",9
"LETTER "C"" BLING KEY RING"",9
"VINTAGE NOTEBOOK BEAUTY GIRL",9
"FLOWER GLASS GARLAND NECKL.36"BLACK"",9
"BLUE BREAKFAST CUP AND SAUCER ",9
"VIP HOLIDAY PURSE",9
"PINK BOUDICCA LARGE BRACELET",9
"SET/3 POT PLANT CANDLES",9
"CANDY SPOT BUNNY",9
"GREEN HEART OF GLASS BRACELET",9
"CANDY SPOT TEA COSY",9
"ANT COPPER LIME BOUDICCA BRACELET",9
"RUBY GLASS CLUSTER BRACELET",9
"BLACK/WHITE GLASS/SILVER BRACELET",9
"MIDNIGHT BLUE GLASS/SILVER BRACELET",9
"BLACK CRYSTAL DROP EARRINGS",9
"3 PINK HEN+CHICKS IN BASKET",9
"WOVEN FROST CUSHION COVER",9
"PINK DOG CANNISTER",9
"MURANO STYLE GLASS BRACELET GOLD",9
"MURANO STYLE GLASS BRACELET RED",9
"PASTEL PINK PHOTO ALBUM ",9
"ENVELOPE 50 ROMANTIC IMAGES",9
"BLACK PHOTO ALBUM ",9
"S/2 BEACH HUT TREASURE CHESTS",9
"RETRO BROWN BALL ASHTRAY ",9
"ZINC WIRE SWEETHEART LETTER TRAY",9
"LETTER "E"" BLING KEY RING"",9
"PURPLE/COPPER HANGING LAMPSHADE",9
"SMALL POP BOX FUNKY MONKEY",9
"HOME SWEET HOME BLACKBOARD",9
"STORAGE TIN HOME SWEET HOME",9
"AMBER CHUNKY GLASS+BEAD NECKLACE",10
"Bank Charges",10
"BLUE NETTING STORAGE HANGER",10
"BLUE FLOCK CUSHION COVER ",10
"SCHOOL DESK AND CHAIR ",10
"MEDIUM PINK BUDDHA HEAD ",10
"CHUNKY SILVER NECKLACE PASTEL FLOWE",10
"CHEST NATURAL WOOD 20 DRAWERS",10
"BEACH HUT DESIGN BLACKBOARD",10
"WHITE FRANGIPANI HAIR CLIP",10
"JINGLE BELLS TREE DECORATION",11
"WOOD AND GLASS MEDICINE CABINET",11
"AMETHYST HOOP EARRING FLORAL LEAF",11
"NECKLACE+BRACELET SET FRUIT SALAD ",11
"4 BURGUNDY WINE DINNER CANDLES",11
"FREESTYLE CANVAS ART PICTURE",11
"CRYSTAL PAIR HEART HAIR SLIDES",11
"PINK BUTTERFLY WASHBAG",11
"CHERRY BLOSSOM CANVAS ART PICTURE",11
"ANTIQUE SILVER BAUBLE LAMP  ",11
"EGG FRYING PAN PINK ",11
"ROSE DU SUD CUSHION COVER ",11
"GLASS BELL JAR SMALL",12
"HANGING BAUBLE T-LIGHT HOLDER LARGE",12
"TOAST ITS - DINOSAUR",12
"HEARTS WRAPPING TAPE ",12
"PINK PAINTED KASHMIRI CHAIR",12
"RAIN PONCHO ",12
"BREAD BIN, DINER STYLE, MINT",12
"BREAD BIN, DINER STYLE, IVORY",12
"SILVER OVAL SHAPE TRINKET BOX",12
"ROSE DU SUD WASHBAG ",12
"PURPLE LAS VEGAS BRACELET ROUND",12
"PAIR BUTTERFLY HAIR CLIPS",12
"CHALKBOARD KITCHEN ORGANISER",12
"FLOWER PURPLE CLOCK W/SUCKER",12
"ECONOMY HOLIDAY PURSE",12
"OLD DOC RUSSEL METAL SIGN",12
"FUSCHIA RETRO BAR STOOL",12
"HILDA CANDY SPOT RABBIT",12
"CAKE STAND VICTORIAN FILIGREE LARGE",12
"BLACK CHUNKY BEAD BRACELET W STRAP",12
"PINK CHERRY LIGHTS",12
"WOODEN BOX ADVENT CALENDAR ",12
"PINK GAUZE BUTTERFLY LAMPSHADE",12
"PURPLE ANEMONE ARTIFICIAL FLOWER",12
"CREAM DELPHINIUM ARTIFICIAL FLOWER",12
"PINK FOXGLOVE ARTIIFCIAL FLOWER",12
"S/4 ICON COASTER,ELVIS LIVES",12
"YELLOW/BLUE RETRO RADIO",12
"ZINC HEART LATTICE 2 WALL PLANTER",12
"YELLOW PINK FLOWER DESIGN BIG BOWL",12
"BLUE HANGING GINGHAM EASTER HEN",12
"PINK HANGING GINGHAM EASTER HEN",12
"WHITE 3 FRAME BIRDS AND TREE ",12
"SET OF 12 ROSE BOTANICAL T-LIGHTS",12
"LARGE ZINC GLASS CANDLEHOLDER",12
"BEST DAD CANDLE LETTERS",12
"Next Day Carriage",12
"FOLKART CHRISTMAS TREE T-LIGHT HOLD",12
"BELL HEART ANTIQUE GOLD",12
"LEAVES MAGNETIC  SHOPPING LIST",12
"FLOWER PURPLE CLOCK WITH SUCKER",12
"FLOWER BLUE CLOCK WITH SUCKER",12
"VEGETABLE MAGNETIC  SHOPPING LIST",12
"BLUE DELPHINIUM ARTIFICIAL FLOWER",12
"LILAC FEATHERS CURTAIN",12
"RUSTIC STRAWBERRY JAMPOT SMALL",12
"PINK ACRYLIC JEWEL SNOWFLAKE",12
"AMBER DROP EARRINGS W LONG BEADS",12
"PACK OF 12 RED APPLE TISSUES",12
"GIFT BAG LARGE 50'S CHRISTMAS",12
"ENAMEL BOWL PANTRY",12
"ENAMEL DINNER PLATE PANTRY",12
"RUSTIC STRAWBERRY JAM POT LARGE ",12
"CHRISTMAS TREE HANGING GOLD",12
"ROUND WHITE CONFETTI IN TUBE",12
"PHOTO FRAME LINEN AND LACE SMALL",12
"GREEN/BLUE FLOWER DESIGN BIG MUG",13
"GREEN SQUARE COMPACT MIRROR",13
"TRIANGULAR POUFFE VINTAGE ",13
"LILY BROOCH OLIVE COLOUR",13
"VINTAGE WOODEN BAR STOOL",13
"FUSCHIA TABLE RUN FLOWER ",13
"GREEN CAT FLORAL CUSHION COVER ",13
"JADE DROP EARRINGS W FILIGREE",13
"LAUREL STAR ANTIQUE SILVER ",13
"VIP PASSPORT COVER ",13
"CHRYSANTHEMUM  JOURNAL",14
"RED BOUDICCA LARGE BRACELET",14
"PAPER LANTERN 5 POINT STUDDED STAR",14
"FIRE POLISHED GLASS BRACELET GREEN",14
"ASSORTED SHAPES PHOTO CLIP SILVER ",14
"RETRO PILL BOX , REVOLUTIONARY",14
"PINK/PURPLE CIRCLE CURTAIN",14
"SET OF 2 TRAYS HOME SWEET HOME",14
"GIRLY PINK TOOL SET",15
"SILVER LOOKING MIRROR",15
"PINK OVAL JEWELLED MIRROR",15
"GREEN CHRISTMAS TREE STRING 20LIGHT",15
"SET/4 GARDEN ROSE DINNER CANDLE",15
"DAIRY MAID  PUDDING BOWL",15
"ARMY CAMO BOOKCOVER TAPE",15
"PURPLE GEMSTONE NECKLACE 45CM",15
"CUT GLASS HEXAGON T-LIGHT HOLDER",15
"BLUE/YELLOW FLOWER DESIGN BIG MUG",15
"SILVER/NATURAL SHELL NECKLACE",15
"CHRISTMAS MUSICAL ZINC TREE",15
"LARGE CAKE TOWEL, CHOCOLATE SPOTS",15
"PINK GREEN EMBROIDERY COSMETIC BAG",15
"FRENCH STYLE EMBOSSED HEART CABINET",15
"POSY CANDY BAG",15
"EIGHT PIECE CREEPY CRAWLIE SET",15
"HEART SHAPED MIRROR",15
"LETTER "K"" BLING KEY RING"",15
"REGENCY MIRROR WITH SHUTTERS",15
"DANISH ROSE BEDSIDE CABINET",15
"ROSE DU SUD CUSHION COVER",15
"TURQUOISE HEART OF GLASS BRACELET",15
"POCKET MIRROR "GLAMOROUS"""",15
"BLUE MURANO TWIST BRACELET",15
"CROCHET ROSE DES CLOTHES HANGER",15
"STEEL SWEETHEART ROUND TABLE CREAM",15
"GREEN FERN POCKET BOOK",15
"OYSTER TRINKET BOX",15
"EGG FRYING PAN MINT ",15
"BEADED CRYSTAL HEART BLUE ON STICK",15
"VINTAGE CHRISTMAS GIFT BAG LARGE ",15
"LETTER HOLDER HOME SWEET HOME",15
"SQUARE FLOOR CUSHION VINTAGE RED",16
"LILY BROOCH AMETHYST COLOUR",16
"WHITE GLASS CHUNKY CHARM BRACELET",16
"BLUE CIRCLES DESIGN TEDDY",16
"BATHROOM SCALES RUBBER DUCKS",16
"POLYESTER FILLER PAD 65CMx65CM",16
"PACK/12 XMAS FUN CARD",16
"SILVER FISHING GNOME ",16
"TROPICAL PASSPORT COVER ",16
"BLACK BAROQUE WALL CLOCK ",16
"LETTER "A"" BLING KEY RING"",16
"ZINC SWEETHEART SOAP DISH",16
"PAPER LANTERN 9 POINT HOLLY STAR 40",16
"GREEN ENAMEL+GLASS HAIR COMB",16
"SILVER DISCO HANDBAG",16
"GREEN METAL BOX TOP SECRET",16
"IVORY STRING CURTAIN WITH POLE ",16
"GLASS BONNE JAM JAR",16
"KNITTED RABBIT DOLL ",16
"LA PALMIERA WALL THERMOMETER",17
"FLOOR LAMP SHADE WOOD BASE",17
"SILVER FABRIC MIRROR",17
"ANT COPPER TURQ BOUDICCA BRACELET",17
"VINTAGE ROSE BEAD BRACELET RASPBERR",17
"WAKE UP COCKEREL TILE HOOK",17
"MIRRORED WALL ART TABLE LAMP",17
"5 STRAND GLASS NECKLACE CRYSTAL",18
"CREAM SWEETHEART WALL CABINET",18
"RED SHARK HELICOPTER",18
"DIAMANTE BOW BROOCH BLACK COLOUR",18
"IVY HEART WREATH",18
"GREEN BITTY LIGHT CHAIN",18
"BAG OF SILVER STONES",18
"LADLE LOVE HEART RED ",18
"GOLD EAR MUFF HEADPHONES",18
"PLASMATRONIC LAMP",18
"ZINC TOP  2 DOOR WOODEN SHELF ",18
"GREEN GOOSE FEATHER CHRISTMAS TREE ",18
"ORIGAMI OPIUM INCENSE/CANDLE SET ",18
"FRUIT TREE AND BIRDS WALL PLAQUE",18
"TURQ+RED BOUDICCA LARGE BRACELET",18
"BLACK FLOWER CANDLE PLATE",18
"VINTAGE KITCHEN PRINT PUDDINGS",18
"EAU DE NILE HEART SHAPE PHOTO FRAME",18
"TURQ ICE CREAM BUM BAG ",18
"CREAM CLIMBING HYDRANGA ART FLOWER",18
"15 PINK FLUFFY CHICKS IN BOX",18
"TINY CRYSTAL BRACELET GREEN",18
"NECKLACE+BRACELET PINK BUTTERFLY",18
"FLORAL PINK MONSTER",18
"CLEAR STATIONERY BOX SET ",18
"PURPLE FOXGLOVE ARTIIFCIAL FLOWER",18
"GLASS AND PAINTED BEADS BRACELET OL",18
"GLASS AND BEADS BRACELET IVORY",18
"FRENCH CHATEAU LARGE FRUIT BOWL ",18
"SILVER BRACELET W PASTEL FLOWER",18
"PING! MICROWAVE PLATE",18
"GREEN ENAMEL FLOWER RING",18
"PAPER LANTERN 5 POINT STAR MOON 30",18
"MONTANA DIAMOND CLUSTER EARRINGS",18
"DROP DIAMANTE EARRINGS PURPLE",18
"PAPER LANTERN 9 POINT HOLLY STAR L",18
"GEMSTONE CHANDELIER T-LIGHT HOLDER",18
"SMALL BONNE JAM JAR  T-LIGHT HOLDER",18
"VINTAGE CHRISTMAS TABLECLOTH",18
"ADULT APRON APPLE DELIGHT",18
"BELLE JARDINIERE CUSHION COVER",18
"PURPLE SWEETHEART BRACELET",19
"CHARLIE LOLA BLUE HOT WATER BOTTLE ",19
"COLOURFUL FLOWER FRUIT BOWL",19
"PINK HEART OF GLASS BRACELET",19
"PAPER LANTERN 9 POINT HOLLY STAR S",19
"PAPER LANTERN 9 POINT SNOW STAR ",19
"POSTE FRANCE CUSHION COVER",19
"LA JARDIN BOTANIQUE CUSHION COVER",19
"GREEN GEISHA GIRL ",20
"BLUE GEISHA GIRL ",20
"PEACE SMALL WOOD LETTERS",20
"FLOWER BURST SILVER RING CRYSTAL",20
"BATHROOM SCALES FOOTPRINTS IN SAND",20
"ANTIQUE CREAM CUTLERY SHELF ",20
"CANDLE PLATE LACE WHITE",20
"PURPLE ENAMEL FLOWER RING",20
"RED ENAMEL FLOWER RING",20
"MARIE ANTOINETTE TRINKET BOX SILVER",20
"ALUMINIUM HEART",20
"RECIPE BOX WITH METAL HEART",21
"STRING OF STARS CARD HOLDER",21
"BEACH HUT KEY CABINET",21
"PURPLE GEMSTONE BRACELET",21
"MODERN VINTAGE COTTON SHOPPING BAG",21
"FLOWER FAIRY INCENSE BOUQUET",21
"SPOTS ON RED BOOKCOVER TAPE",21
"SILVER JEWELLED MIRROR TRINKET TRAY",21
"DAISY SKETCHBOOK ",21
"AMBER CHUNKY BEAD BRACELET W STRAP",21
"VINTAGE KITCHEN PRINT SEAFOOD",21
"CANDY SPOT HEART DECORATION",21
"CAKES AND RABBITS DESIGN FLANNEL ",21
"PARTY TIME DESIGN FLANNEL",21
"CONDIMENT TRAY 4 BOWLS AND 4 SPOONS",21
"TURQUOISE CRYSTAL+GLASS BRACELET",21
"GREEN EASTER EGG HUNT START POST",21
"SUNSET COLOUR CHUNKY KNITTED THROW",21
"LA PALMIERA TILE HOOK",21
"VINTAGE BEAD COSMETIC BAG ",21
"BLUE CHENILLE SHAGGY CUSHION COVER ",21
"HANGING HEART BONHEUR",21
"LILAC DIAMANTE PEN IN GIFT BOX",22
"CABIN BAG VINTAGE PAISLEY",22
"VINTAGE KEEPSAKE BOX TRAVELOGUE",22
"PINK CRYSTAL+GLASS BRACELET",22
"SKULLS STORAGE BOX LARGE",22
"PAPER LANTERN 9 POINT HOLLY STAR 23",22
"PINK/WHITE CHRISTMAS TREE 30CM",22
"PAINTED SEA SHELL METAL WINDCHIME",23
"BEACH HUT SHELF W 3 DRAWERS",23
"IVORY CAFE HANGING LAMP ",23
"FOLDING UMBRELLA WHITE/RED POLKADOT",24
"PINK HEART DOTS HOT WATER BOTTLE",24
"SILVER GLASS T-LIGHT SET",24
"LOCAL CAFE MUG",24
"WOODLAND STORAGE BOX SMALL",24
"MOUSEY LONG LEGS SOFT TOY",24
"PERIWINKLE T-LIGHT HOLDER",24
"WAY OUT METAL SIGN ",24
"SILVER LATTICE VANILLA CANDLE POT",24
"MEDINA STAMPED METAL STOOL",24
"ROMANTIC IMAGES SCRAP BOOK SET",24
"YELLOW POT PLANT CANDLE",24
"VINTAGE BLUE KITCHEN CABINET",24
"VIPPASSPORT COVER ",24
"BLACK CHERRY LIGHTS",24
"ZINC HEART LATTICE CHARGER LARGE",24
"STARFISH SOAP DISH",24
"ENAMEL BLUE RIM TEA CONTAINER",24
"PIN CUSHION BABUSHKA BLUE",24
"YELLOW/ORANGE FLOWER DESIGN PLATE",24
"ELVIS WALLHANGING / CURTAIN",24
"SET 10 NIGHT OWL LIGHTS",24
"FLAMES SUNGLASSES PINK LENSES",24
"CROCHET WHITE RABBIT KEYRING ",24
"DOILEY BISCUIT TIN",24
"FAN BLACK FRAME ",24
"GLASS  SONGBIRD STORAGE JAR",24
"T-LIGHT HOLDER SILVER SAUCER",24
"CANDLE HOLDER SILVER MADELINE",24
"T-LIGHT HOLDER SILVER PETIT FOUR ",24
"FOOT STOOL HOME SWEET HOME ",24
"LARGE BONNE JAM JAR  T-LIGHT HOLDER",24
"FAIRY TALE COTTAGE NIGHT LIGHT",24
"PINK STOCKING CHRISTMAS DECORATION",24
"FLOOR CUSHION ELEPHANT CARNIVAL",25
"CAROUSEL DESIGN WASHBAG",25
"FUSCHIA VOILE POINTY SHOE DEC",25
"GOLD FISHING GNOME",25
"SMALL KITCHEN FLOWER POTS PLAQUE",25
"LARGE SKULL WINDMILL",25
"SET OF 12 T-LIGHTS VINTAGE DOILEY",25
"RAINBOW PEGS PHOTO CLIP STRING",26
"VINTAGE ROSE BEAD BRACELET BLACK",26
"ASS FLORAL PRINT SPIRIT LEVEL ",26
"RED DRAGONFLY HELICOPTER",26
"BLUE TRAVEL FIRST AID KIT",26
"LARGE CAMPHOR WOOD FIELD MUSHROOM ",26
"WALL MIRROR RECTANGLE DIAMANTE PINK",26
"TALL ROCOCO CANDLE HOLDER",26
"LOVE SEAT ANTIQUE WHITE METAL",26
"PURPLE BOUDICCA LARGE BRACELET",26
"4 PINK DINNER CANDLE SILVER FLOCK",26
"PAPER LANTERN 5 POINT SEQUIN STAR",26
"BLUE POLKADOT PUDDING BOWL",27
"FAUX FUR CHOCOLATE THROW",27
"YULETIDE IMAGES S/6 PAPER BOXES",27
"NEW BAROQUE BLACK PHOTO ALBUM",27
"RETRO PINK BALL ASHTRAY ",27
"SILVER VANILLA  FLOWER CANDLE POT",27
"GARDEN PATH NOTEBOOK ",27
"LARGE TORTILLA DESIGN RED BOWL",27
"PINK/FLOWER RABBIT EGG WARMER ",27
"DAISY FOLKART HEART DECORATION",27
"ROSE DU SUD DRAWSTRING BAG",27
"CUPID SCENTED CANDLE IN GLASS",27
"BLUE POT PLANT CANDLE ",27
"GLASS SPHERE CANDLE STAND MEDIUM",27
"MEDIUM WHITE/PINK ROSE ART FLOWER",27
"MIRRORED DOVE WALL DECORATION",27
"GOLDIE LOOKING MIRROR",27
"HOME SWEET HOME CUSHION COVER ",27
"SPACE CADET WHITE",28
"RABBIT  DESIGN  COTTON TOTE BAG",28
"MIRRORED WALL ART PHOTO FRAMES",28
"CHEST 7 DRAWER MA CAMPAGNE",28
"AMETHYST CHUNKY BEAD BRACELET W STR",28
"75 GREEN FAIRY CAKE CASES",28
"S/2 ZINC HEART DESIGN PLANTERS",28
"EDWARDIAN PHOTO FRAME",28
"SET 8 CANDLES VINTAGE DOILY",28
" 50'S CHRISTMAS GIFT BAG LARGE",29
"SCENTED CANDLE IN DIGITALIS TIN",30
"BEADED LOVE HEART JEWELLERY SET",30
"36 PENCILS TUBE POSY",30
"BLUE TEATIME PRINT BOWL ",30
"PAIR PADDED HANGERS PINK CHECK",30
"SET OF 3 CONEY ISLAND OVAL BOXES",30
"PINK JEWELLED PHOTO FRAME ",30
"CROCHET ROSE PURSE WITH SUEDE BACK",30
"WHITE ALLIUM  ARTIFICIAL FLOWER",30
"WINE BOTTLE DRESSING DARK BLUE",30
"TOP SECRET PEN SET",30
"TRIPLE WIRE HOOK PINK HEART",30
"GOLD TEDDY BEAR",30
"PAPER LANTERN 7 POINT SNOW STAR",30
"RETRO LEAVES MAGNETIC NOTEPAD",30
"RIDGED BONNE JAM JAR T-LIGHT HOLDER",30
"YELLOW SHARK HELICOPTER",31
"DIAMANTE BOW BROOCH GREEN COLOUR",31
"SILVER STANDING GNOME   ",31
"GREEN MURANO TWIST BRACELET",31
"FIRST CLASS PASSPORT COVER ",31
"HEART SHAPED HOLLY WREATH",31
"FOLDING UMBRELLA CHOCOLATE POLKADOT",32
"DAISY JOURNAL ",32
"BLUE REFECTORY CLOCK ",32
"PINK BREAKFAST CUP AND SAUCER ",33
"RUSTIC  SEVENTEEN DRAWER SIDEBOARD",33
"GARDEN PATH JOURNAL",33
"CHERRY BLOSSOM PASSPORT COVER",33
"VINTAGE POST OFFICE CABINET",33
"FRENCH ENAMEL UTENSIL HOLDER",33
"DOORMAT MERRY CHRISTMAS RED ",33
"RETRO "TEA FOR ONE"" "",33
"CAROUSEL PONIES BABY BIB",33
"CAKE STAND VICTORIAN FILIGREE SMALL",33
"FOLK FELT HANGING MULTICOL GARLAND",33
"CANDY SPOT HAND BAG",33
"FRENCH CHATEAU SMALL FRUITBOWL",33
"PINK MONTE CARLO HANDBAG",33
"PINK AND BLACK STRING CURTAIN",33
"3 DRAWER ANTIQUE WHITE WOOD CABINET",33
"KITCHEN FLOWER POTS WALL PLAQUE",34
"MILK PAN BLUE POLKADOT",34
"IVORY WIRE KITCHEN ORGANISER",34
"PAPER LANTERN 6 POINT SNOW STAR",34
"VINTAGE CHRISTMAS PAPER GIFT BAG",34
"CHRYSANTHEMUM NOTEBOOK",35
"PIN CUSHION BABUSHKA PINK",35
"BLUE CIRCLES DESIGN MONKEY DOLL",35
"STRIPES DESIGN TEDDY",35
"WHITE STITCHED CUSHION COVER",35
"ROSE DU SUD COSMETICS BAG",35
"GREEN WIRE STANDING CANDLE HOLDER",35
"WHITE CHRISTMAS GARLAND STARS TREES",36
"PAINTED LIGHTBULB STAR+ MOON",36
"PINK/YELLOW FLOWERS HANDBAG",36
"DECORATION HEN ON NEST, HANGING",36
"CHRISTMAS CARD SCREEN PRINT ",36
"GARLAND, MAGIC GARDEN 1.8M",36
"WAKE UP COCKEREL CALENDAR SIGN ",36
"FOLKART ZINC STAR CHRISTMAS DEC",36
"GREEN POP ART MAO CUSHION COVER ",36
"CD WALL TIDY RED FLOWERS",36
"BAKING MOULD CHOCOLATE CUP CAKES",36
"ORIGAMI SANDLEWOOD INCENSE/CAND SET",36
"DOLLCRAFT GIRL AMELIE",36
"CHERRY BLOSSOM LUGGAGE TAG",36
"PINK ROUND COMPACT MIRROR",36
"ASSORTED FARMYARD ANIMALS IN BUCKET",36
"FLAG OF ST GEORGE ",36
"KIDS CUTLERY DOLLY GIRL ",36
"PINK FLOCK PHOTO FRAME ",36
"BLOND DOLL DOORSTOP",36
"REINDEER HEART DECORATION GOLD",36
"COCKTAIL SWORDS 50 PIECES",36
"GIFT BAG LARGE VINTAGE CHRISTMAS",36
"TREE T-LIGHT HOLDER WILLIE WINKIE",36
"LAUREL STAR ANTIQUE GOLD",36
"RUSTIC STRAWBERRY JAM POT SMALL",36
"ELEPHANT BIRTHDAY CARD ",36
"VINTAGE GLASS COFFEE CADDY",37
"CERAMIC STRAWBERRY TRINKET TRAY",37
"NINJA RABBIT BLACK",37
"MARIE ANTOINETTE TRINKET BOX GOLD",37
"HOT WATER BOTTLE SEX BOMB",37
"SILVER CHRISTMAS TREE BAUBLE STAND ",38
"GREEN FERN JOURNAL ",38
"FROG SOCK PUPPET",38
"ECONOMY LUGGAGE TAG",38
"ELEPHANT CARNIVAL POUFFE",38
"PINK FLY SWAT",38
"SQUARE METAL CANDLEHOLDER BASE",38
"SMALL BLUE PROVENCAL CERAMIC BALL",38
"MIRRORED WALL ART SPLODGES",38
"EGG FRYING PAN RED ",38
"FOLDING UMBRELLA CREAM POLKADOT",39
"BLUE SWEETHEART BRACELET",39
"FORKED CACTUS CANDLE",39
"STRING OF 8 BUTTERFLIES,PINK",39
"DANISH ROSE FOLDING CHAIR",39
"ENGLISH ROSE METAL WASTE BIN",39
"EASTER BUNNY WREATH",39
"FRENCH CHATEAU OVAL PLATTER",39
"PINK DINER WALL CLOCK",39
"DECORATIVE PLANT POT WITH FRIEZE",40
"SET OF PICTURE FRAME  STICKERS",40
"BLUE SCOTTIE DOG W FLOWER PATTERN",40
"MONEY BOX FIRST ADE DESIGN",40
"BLUE CUSHION COVER WITH FLOWER",40
"MINT DINER WALL CLOCK",40
"LARGE  TALL CAMPHOR WOOD TOADSTOOL ",41
"EGG FRYING PAN IVORY ",41
"PINK FLOWER FABRIC PONY",42
"CHRYSANTHEMUM POCKET BOOK ",42
"WHITE TISSUE REAM",42
"CARNIVAL BRACELET",42
"COLUMBIAN CUBE CANDLE",42
"HEART STRING MEMO HOLDER HANGING",42
"PINK/PURPLE RETRO RADIO",42
"50CM METAL STRING WITH  7 CLIPS",42
"YELLOW FELT HANGING HEART W FLOWER",42
"ORIGAMI LAVENDER INCENSE/CANDL SET ",42
"BLUE SQUARE COMPACT MIRROR",42
"SET OF 2 CERAMIC CHRISTMAS TREES",42
"DRAWER KNOB VINTAGE GLASS BALL",42
"BLUE ROUND COMPACT MIRROR",43
"VINTAGE BEAD NOTEBOOK",43
"3 TIER SWEETHEART GARDEN SHELF",43
"SET OF 16 VINTAGE BLACK CUTLERY",43
"BLUE CAT BISCUIT BARREL PINK HEART",43
"FRENCH CARRIAGE LANTERN",43
"DOORMAT VINTAGE LEAF",43
"CHRISTMAS GARLAND STARS,TREES",44
"COCKLE SHELL DISH",44
"TROPICAL LUGGAGE TAG",44
"CANDY SPOT CUSHION COVER",44
"KIDS CUTLERY SPACEBOY ",44
"IVORY WIRE SWEETHEART LETTER TRAY",44
"SKULLS STORAGE BOX SMALL",45
"RED POLKADOT PUDDING BOWL",45
"GLITTER STAR GARLAND WITH BELLS ",45
"CRYSTAL DIAMANTE EXPANDABLE RING",45
"FRENCH CHATEAU LARGE PLATTER ",45
"QUEEN OF THE SKIES PASSPORT COVER ",45
"BLUE HEART COMPACT MIRROR",45
"HOLLY TOP CHRISTMAS STOCKING",45
"SET OF 12 MINI BUNNIES IN A BUCKET",45
"WHEELBARROW FOR CHILDREN ",45
"JARDIN ETCHED GLASS LARGE BELL JAR",45
"GREEN METAL BOX ARMY SUPPLIES",45
"DRAWER KNOB CERAMIC RED",45
"DAISY NOTEBOOK ",46
"CUBIC MUG FLOCK PINK ON BROWN",46
"ENGLISH ROSE SMALL SCENTED FLOWER",46
"SET/4 COLOURFUL MIXING BOWLS",46
"PINK SCOTTIE DOG W FLOWER PATTERN",46
"POLYESTER FILLER PAD 30CMx30CM",46
"CAKE STAND LOVEBIRD 2 TIER PINK",46
"VANILLA INCENSE 40 CONES IN TIN",47
"FLOWERS TILE HOOK",47
"LARGE ZINC HEART WALL ORGANISER",47
"CLASSIC GLASS SWEET JAR",47
"PINK ENAMEL+GLASS HAIR COMB",47
"SET OF 4 NAPKIN CHARMS LEAVES   ",48
"DOG TOY WITH PINK CROCHET SKIRT",48
"S/3 POT POURI CUSHIONS BLUE COLOURS",48
"VINTAGE KITCHEN PRINT FRUITS",48
"FLAG OF ST GEORGE CHAIR",48
"ORIGAMI VANILLA INCENSE CONES",48
"PIG MUG IN TWO COLOUR DESIGNS",48
"BUNDLE OF 3 RETRO EXERCISE BOOKS",48
"BELL HEART DECORATION",48
"PARISIENNE SEWING BOX",48
"CLASSIC SUGAR DISPENSER",48
"MISELTOE HEART WREATH WHITE",48
"MISELTOE HEART WREATH ",48
"DRAWER KNOB VINTAGE GLASS STAR",48
"GIFT BAG LARGE SPOT ",48
"RUSTIC STRAWBERRY JAMPOT LARGE ",48
"ASSORTED COLOURED CIRCLE MOBILE ",48
"ACRYLIC JEWEL ANGEL,PINK",48
"ASSORTED COLOUR SUCTION CUP HOOK",49
"PINK GINGHAM CAT WITH SCARF",49
"EAU DE NILE JEWELLED PHOTOFRAME",49
"HEN HOUSE W FAMILY IN BARN & NEST",49
"LARGE ANTIQUE WHITE PHOTO FRAME",49
