country,avg_order_value
Singapore,8209.580000
Japan,5711.386667
Australia,4612.672222
Netherlands,3245.712727
"Channel Islands",2475.628000
Cyprus,2309.774000
Norway,2231.666250
EIRE,2125.829552
Finland,2106.501111
Switzerland,1877.870000
Spain,1777.960000
Denmark,1677.575000
Canada,1410.180000
Unspecified,1301.330000
Iceland,1252.887500
Lithuania,1245.795000
Portugal,1232.681429
Greece,1137.463333
France,1054.943942
Germany,1050.184696
"United Arab Emirates",975.540000
Bahrain,918.800000
"United Kingdom",886.731278
Sweden,879.200833
Malta,833.160000
Italy,750.772500
Belgium,709.922222
Austria,669.498333
Poland,663.186667
"European Community",216.025000
