country,total_revenue
"United Kingdom",4176504.32
EIRE,142430.58
Germany,120771.24
France,109714.17
Australia,83028.10
Netherlands,71405.68
Japan,51402.48
Spain,46226.96
Singapore,24628.74
Switzerland,24412.31
Belgium,19167.90
Finland,18958.51
Norway,17853.33
Portugal,17257.54
"Channel Islands",12378.14
Cyprus,11548.87
Sweden,10550.41
Denmark,6710.30
Italy,6006.18
Poland,5968.68
Iceland,5011.55
Lithuania,4983.18
Austria,4016.99
Greece,3412.39
Canada,2820.36
Unspecified,2602.66
"United Arab Emirates",975.54
Bahrain,918.80
Malta,833.16
"European Community",432.05
